ID;Label;KeywordsB2018;KeywordsA2018
Buitrago Boret, S.E.;Buitrago Boret, S.E.;Finite volumes,Quadrilateral mesh,Reservoir simulation,Finite differences,Grid generation,Complex internal boundaries;Cyclic steam injection,Approximation model,Experimental design,Response surface,Surrogate model,Probabilistic production forecast
Romero Marin, O.;Romero Marin, O.;;Cyclic steam injection,Approximation model,Experimental design,Response surface,Surrogate model,Probabilistic production forecast
Andruchow, E.;Andruchow, E.;;Differences of projections,Pairs of projections,Projections
Corach, G.;Corach, G.;;Differences of projections,Pairs of projections,Projections
Recht, L.;Recht, L.;;Differences of projections,Pairs of projections,Projections
Severeyn, E.;Severeyn, E.;Insulin sensitivity,metabolic syndrome,Oral glucose tolerance test,statistical analysis,oral glucose tolerance test,Digital Filtering,QRS Complex Detection,Optimal Data Fusion,Anthropometric measures,Older subjects,Metabolic syndrome,ECG Signal Processing,random cross validation;HOMA-IR,K-means,medical database,Dimensional analysis,Monte Carlo Cross-validation,Homa-IR,elderly,Empirical correlation,metabolic syndrome,Obesity,Heart rate variability,Time-domain analysis,ROC curves,Random sub-sampling cross validation,unsupervided learning,Metabolic Syndrome,Metabolic syndrome,BMI,Quicki,insulin resistance,Electrocardiogram,Empirical Correlation,theorem π of Vaschy-Buckingham,Insulin Resistance,Frequency-domain analysis
Velásquez, J.;Velásquez, J.;Insulin sensitivity,metabolic syndrome,Oral glucose tolerance test,statistical analysis,oral glucose tolerance test,Anthropometric measures,Older subjects,Metabolic syndrome,random cross validation;Monte Carlo Cross-validation,Random sub-sampling cross validation,Empirical correlation,Metabolic Syndrome,Empirical Correlation,Metabolic syndrome
Herrera, H.;Herrera, H.;Insulin sensitivity,metabolic syndrome,Oral glucose tolerance test,statistical analysis,oral glucose tolerance test,Anthropometric measures,Older subjects,Metabolic syndrome,random cross validation;Monte Carlo Cross-validation,Random sub-sampling cross validation,Empirical correlation,Metabolic Syndrome,metabolic syndrome,Obesity,Empirical Correlation,HOMA-IR,theorem π of Vaschy-Buckingham,Insulin Resistance,medical database,ROC curves,Metabolic syndrome,BMI,Dimensional analysis
Wong, S.;Wong, S.;Insulin sensitivity,metabolic syndrome,Oral glucose tolerance test,statistical analysis,oral glucose tolerance test,Anthropometric measures,Older subjects,Metabolic syndrome,random cross validation;HOMA-IR,K-means,medical database,Dimensional analysis,Monte Carlo Cross-validation,Homa-IR,elderly,Empirical correlation,metabolic syndrome,Obesity,Heart rate variability,Time-domain analysis,ROC curves,Random sub-sampling cross validation,unsupervided learning,Metabolic Syndrome,Metabolic syndrome,BMI,Quicki,insulin resistance,Electrocardiogram,Empirical Correlation,theorem π of Vaschy-Buckingham,Insulin Resistance,Frequency-domain analysis
Altuve, M.;Altuve, M.;Haar-wavelet Transform,Abdominal Fetal Electrocardiogram,Apnea–bradycardia,ECG Signal Processing,Electrocardiogram,Digital Filtering,QRS Complex Detection,Optimal Data Fusion,Time series analysis,Support Vector Machine,Hidden semi-Markov models,fQRS Complex Detection,Principal Component Analysis,Data mining;Monte Carlo Cross-validation,Metabolic Syndrome,Electrocardiogram,Empirical Correlation,Heart rate variability,Time-domain analysis,Frequency-domain analysis
Perpiñan, G.;Perpiñan, G.;Arm-ECG,FFT,Paroxysmal arrhythmias,Signal averaging,EEMD,ECG denoising,EMD,Wearable ECG monitoring,Long-term ECG,Bipolar ECG lead;Electrocardiogram,Time-domain analysis,Frequency-domain analysis,Heart rate variability
Cardinale, Y.;Cardinale, Y.;checkpointing,Fault tolerance,Composite web services,Multimedia,Semantic clustering,Social Environments,Self-healing systems,Peerto-peer Infrastructure,Digital Ecosystem,recovery techniques,Datatype hierarchy,Digital Ecosystems,Ontology,Multimedia sharing,QoS-aware,Semantic Web,Self-healing,XML Schema,Adaptative systems,Social event detection,RDF,Reliable service execution,Formal concept analysis,Ontologies,XML,Sharing,Dynamic recovery techniques,Knowledgebased,Collaboration,Datatype inference,QoS monitoring,transactional service,Datatype similarity,Composite Service,Social networks,Datatype analysis,Fault-tolerance;fault tolerance,Multimedia,self-adaptive execution,SSN,Multimedia sensors,Occupant behavior,Event processing,service composition,Analytical data management applications,Building infrastructure,Feature-oriented Programming,Ontology,AGGIR grid,Semantic Web,Atomic event,Datatype,Big data analytic,ifcOWL,Sensor network,Inference,Semantic interoperability,cloud computing services,Pervasive Computing,Analytic models for big data,Pervasive Health Systems and Services,relaxed atomicity,Complex event,Semantic ontology,Domain Specific Language,Reasoning
El Haddad, J.;El Haddad, J.;checkpointing,Reliable service execution,recovery techniques,transactional service;fault tolerance,self-adaptive execution,cloud computing services,service composition,relaxed atomicity
Manouvrier, M.;Manouvrier, M.;QoS-aware,checkpointing,Composite Service,Knowledgebased,Self-healing,Reliable service execution,Fault-tolerance,recovery techniques,transactional service;fault tolerance,self-adaptive execution,cloud computing services,service composition,relaxed atomicity
Rukoz, M.;Rukoz, M.;QoS-aware,checkpointing,QoS monitoring,Fault tolerance,Composite Service,Composite web services,Dynamic recovery techniques,Big data analytic,Knowledgebased,Self-healing,transactional service,Adaptative systems,Reliable service execution,Fault-tolerance,Self-healing systems,Analytic models for big data,recovery techniques,Analytical data management applications;fault tolerance,Big data analytic,self-adaptive execution,Analytical data management applications,cloud computing services,service composition,Analytic models for big data,relaxed atomicity
Rodríguez-Montoya, C.;Rodríguez-Montoya, C.;;Knowledge Management,Information user studies,Postgraduate courses,Onlineinformationsystems,Onlinesystems,Higher education,Educational information systems
Zerpa García, C.E.;Zerpa García, C.E.;;Knowledge Management,Information user studies,Postgraduate courses,Onlineinformationsystems,Onlinesystems,Higher education,Educational information systems
Urutegui, A.;Urutegui, A.;;
Lattarulo, R.;Lattarulo, R.;;
Fernández-López, G.;Fernández-López, G.;Learning from demonstration,Autonomous backhoe machine,Perception system,Dynamic movement primitives;behavior analysis,pedestrian identification,motion and path planning,Legged robots,optimization and optimal control,human-computer interaction,autonomous vehicles
Quelal, R.;Quelal, R.;;Agile Methodologies,Systematic Literature Review,Big Data,Text Mining
Mendoza, L.E.;Mendoza, L.E.;Compositional verification,Methodological approach,Critical computer-based systems,Software verification,Safety-critical systems software,Software specification,Model checking;Ecuador,Agile software development,Systematic Literature Review,Survey,Agile Methodologies,Medium and large companies,Big Data,Text Mining
Villavicencio, M.;Villavicencio, M.;Business process,Timed automata,Qualitative analysis,Task model,Model checking;Ecuador,Agile software development,Systematic Literature Review,Survey,Agile Methodologies,Medium and large companies,Big Data,Text Mining
Abad, J.;Abad, J.;;Coffee crops,WSN,Monitoring
Farez, J.;Farez, J.;;Coffee crops,WSN,Monitoring
Chasi, P.;Chasi, P.;;Coffee crops,WSN,Monitoring
Clotet, R.;Clotet, R.;monitoring,orchid,Greenhouse,Parkinson,Databases Synchronization,Public Healthcare,tremors,Electronic Medical Records,smartwatches,Healthcare System,Electronic Medical Record,Distributed Databases,ZigBee;IoT,Bud rot,Wireless Sensor Network,Coffee crops,Oil palm,WSN,Agriculture,Monitoring
Huerta, M.;Huerta, M.;orchid,accelerographic data,Parkinson,ZIGBEE,tremors,Healthcare System,Structural health monitoring,Distributed Databases,monitoring,computational fluid dynamics,frost,Body Motion,Wireless Sensor Network,Sensors and Parkinson's disease,WiFiPhone,ZigBee,Greenhouse,Public Healthcare,Wireless Sensor Networks,Electronic Medical Records,smartwatches,wind turbine,roses,VisualSense,Databases Synchronization,modeling,greenhouse,Wireless sensor network,Post-Seismic Assessments,FAST sowftware,Electronic Medical Record,LabVIEW,Generator,Quality of Service(QoS);IoT,Bud rot,Wireless Sensor Network,RFID,Coffee crops,Automatic Identification,Oil palm,WSN,Agriculture,Monitoring,Security
Guillermo, J.C.;Guillermo, J.C.;;IoT,Agriculture,Wireless Sensor Network,Monitoring
García-Cedeño, A.;García-Cedeño, A.;;IoT,Agriculture,Wireless Sensor Network,Monitoring
Rivas-Lalaleo, D.;Rivas-Lalaleo, D.;computational fluid dynamics,modeling,wind turbine,FAST sowftware,Generator;IoT,Agriculture,Wireless Sensor Network,Monitoring
Chbeir, R.;Chbeir, R.;Multimedia,Semantic clustering,Social Environments,Peerto-peer Infrastructure,Digital Ecosystem,Datatype hierarchy,Digital Ecosystems,Ontology,Multimedia sharing,Semantic Web,XML Schema,Social event detection,RDF,Formal concept analysis,Ontologies,XML,Sharing,Collaboration,Datatype inference,Datatype similarity,Social networks,Datatype analysis;Building infrastructure,Ontology,Complex event,Inference,Semantic Web,Atomic event,Multimedia,Semantic ontology,Datatype,SSN,Semantic interoperability,Multimedia sensors,ifcOWL,Occupant behavior,Event processing,Sensor network,Reasoning
Corchero, A.;Corchero, A.;;Building infrastructure,Semantic ontology,SSN,ifcOWL,Occupant behavior
Angsuchotmetee, C.;Angsuchotmetee, C.;;Building infrastructure,Ontology,Complex event,Semantic interoperability,Atomic event,Multimedia,Semantic ontology,SSN,Multimedia sensors,ifcOWL,Occupant behavior,Event processing,Sensor network,Reasoning
Calis, G.;Calis, G.;;Building infrastructure,Semantic ontology,SSN,ifcOWL,Occupant behavior
Debattista, J.;Debattista, J.;;
Fernández, J.D.;Fernández, J.D.;;
Vidal, M.-E.;Vidal, M.-E.;Source selection,Linked enterprise data,AutomationML,Hybrid system,Relation discovery,Completeness model,Enterprise knowledge graphs,Query Execution,RDF Data,Data-driven tasks,Graph partitioning,Volumetric Image,RDF,Linked data,Web 3D-Visualizer,Crowd Knowledge,RDF data,Semantic similarity measures,Industry 4.0,Crowd knowledge,SPARQL query,RDF-Molecule,Crowdsourcing,Semantic data integration,Semantic Annotations,Knowledge graph,Microtasks,DICOM Ontology,Federated query processing,Semantic similarity,Enterprise information systems,Semantic web technologies,Hybrid System,Query decomposition,Fragment replication,SPARQL Query,Integration on demand,Query execution,Completeness Model;Ontology Engineering,Knowledge graphs,Maritime Applications,Dependency Graph,Test-Driven Ontology Development,Data integration,Oceanographic Data,RDF,Big Data,Big Data Applications,Test Cases,RDF molecules
Umbrich, J.;Umbrich, J.;;
Soltane, M.;Soltane, M.;;
Angarita, R.;Angarita, R.;QoS-aware,Fault tolerance,Composite Service,Composite web services,Dynamic recovery techniques,Knowledgebased,Self-healing,Adaptative systems,Self-healing systems,Fault-tolerance,QoS monitoring;
Makhlouf, D.;Makhlouf, D.;;
Okba, K.;Okba, K.;;
Negrete Ramírez, J.M.;Negrete Ramírez, J.M.;;Feature-oriented Programming,AGGIR grid,Domain Specific Language,Pervasive Computing,Pervasive Health Systems and Services
Roose, P.;Roose, P.;;Feature-oriented Programming,Mobile application,AGGIR grid,Domain Specific Language,Pervasive Computing,Proxemic interaction,Beacon,Pervasive Health Systems and Services
Dalmau, M.;Dalmau, M.;;Feature-oriented Programming,AGGIR grid,Domain Specific Language,Pervasive Computing,Pervasive Health Systems and Services
Velasquez, J.;Velasquez, J.;;metabolic syndrome,Obesity,HOMA-IR,theorem π of Vaschy-Buckingham,Insulin Resistance,medical database,ROC curves,BMI,Dimensional analysis
Encalada, L.;Encalada, L.;Insulin sensitivity,metabolic syndrome,Oral glucose tolerance test,statistical analysis,oral glucose tolerance test,Anthropometric measures,Older subjects,Metabolic syndrome,random cross validation;Homa-IR,insulin resistance,unsupervided learning,elderly,Obesity,HOMA-IR,K-means,Insulin Resistance,BMI,Dimensional analysis,Quicki
Cipriano, D.;Cipriano, D.;;DIFG,DTC,DPC,transient stability
Rengifo, J.;Rengifo, J.;;DIFG,finite element analysis,DPC,harmonic analysis,transient stability,energy efficiency,Analytical loss models,DTC,efficiency testing standards
Aller, J.M.;Aller, J.M.;Fault tolerant circuits,Pv panels,space vectors,Wind generator,Permanent magnet machine,Z-source inverter,Mppt;DIFG,grid connected inverter,finite element analysis,two-phase systems,DPC,harmonic analysis,transient stability,active power filter,energy efficiency,Analytical loss models,DTC,reactive power compensation,efficiency testing standards
Romero, J.;Romero, J.;;finite element analysis,harmonic analysis,energy efficiency,Analytical loss models,efficiency testing standards
Viola, J.;Viola, J.;direct current control,LCL coupling,approximate parameter estimation,temperature,irradiation,PV model,power electronics,predictive control;two-phase systems,active power filter,reactive power compensation,grid connected inverter
Fajardo, M.;Fajardo, M.;;two-phase systems,active power filter,reactive power compensation,grid connected inverter
Restrepo, J.;Restrepo, J.;direct current control,power electronics,predictive control,LCL coupling;two-phase systems,active power filter,reactive power compensation,grid connected inverter
Quizhpi, F.;Quizhpi, F.;linear matrix inequality (LMI),direct current control,LCL coupling,approximate parameter estimation,multivariable PID control,temperature,irradiation,PV model,polytopic uncertainty,quadruple-tank process,static output feedback (SOF),power electronics,predictive control;two-phase systems,active power filter,reactive power compensation,grid connected inverter
Quiroz, A.;Quiroz, A.;;power system stability,Auto-reclosing,series compensation,stability limit
Sorrentino, E.;Sorrentino, E.;optimal operation of power systems,AGC,dispatch center,Automatic Generation Control;Auto-reclosing,series compensation,wind generators,power system stability,asynchronous generators,Power system stability,stability limit
Orea, E.;Orea, E.;;power system stability,Auto-reclosing,series compensation,stability limit
Trejo, O.;Trejo, O.;;Multilingual Learning,Non-English,MOOC Translations
Diaz, V.V.;Diaz, V.V.;;3GPP,simulator,path loss,5G
Marcano Aviles, D.;Marcano Aviles, D.;;3GPP,simulator,path loss,5G
Pérez, P.;Pérez, P.;;Beacon,Mobile application,Proxemic interaction
Couture, N.;Couture, N.;;Beacon,Mobile application,Proxemic interaction
Marc, D.;Marc, D.;;Beacon,Mobile application,Proxemic interaction
Masson, D.;Masson, D.;;Beacon,Mobile application,Proxemic interaction
Morales-Álvarez, W.;Morales-Álvarez, W.;;behavior analysis,pedestrian identification,human-computer interaction,autonomous vehicles
Gómez-Silva, M.J.;Gómez-Silva, M.J.;;behavior analysis,pedestrian identification,human-computer interaction,autonomous vehicles
Garca-Fernández, F.;Garca-Fernández, F.;;behavior analysis,pedestrian identification,human-computer interaction,autonomous vehicles
Olaverri-Monreal, C.;Olaverri-Monreal, C.;;behavior analysis,pedestrian identification,human-computer interaction,autonomous vehicles
Badra, R.E.;Badra, R.E.;gated transmission,power control,component,uplink transmit power,CDMA2000 1XRTT;genetic algorithm,frequency planning,femtocell,indoor wireless service,LTE,component,optimization,carrier spacing,adjacent channel interference,802.11n
Mozo, E.;Mozo, E.;;frequency planning,component,carrier spacing,adjacent channel interference,802.11n
Figueras, G.E.;Figueras, G.E.;;genetic algorithm,frequency planning,femtocell,indoor wireless service,LTE,component,optimization,carrier spacing,adjacent channel interference,802.11n
Theoktisto, V.;Theoktisto, V.;;Teaching Strategies for Computer Programming,Higher Order Functions,Recursion,Functional Programming
Flaviani, F.;Flaviani, F.;;Weakest Precondition,GCL,Invariant Assertions,Formal Program Verification,Induction,Fully Assessable Assertions,Calculus,Denotational Semantics,Set Theory
Warrick, P.;Warrick, P.;;
Homsi, M.N.;Homsi, M.N.;Topic Discovering,Cost-Sensitive Classifier,Twitter,Random Forest,Spam Classification;Rhetorical Relations,Machine Learning,Why Question Answering System,Natural Language Processing,Discourse Markers,DAWQAS
Sosa Jones, G.;Sosa Jones, G.;;Mimetic methods,Conservative methods,Boundary layer,Finite difference methods,Steady-state diffusion equation
Arteaga, J.;Arteaga, J.;;Mimetic methods,Conservative methods,Boundary layer,Finite difference methods,Steady-state diffusion equation
Jiménez, O.;Jiménez, O.;;Mimetic methods,Conservative methods,Boundary layer,Finite difference methods,Steady-state diffusion equation
Aceituno-Cabezas, B.;Aceituno-Cabezas, B.;Robust Optimization,Motion and Path Planning,Multilegged Robots;Legged robots,optimization and optimal control,motion and path planning
Mastalli, C.;Mastalli, C.;Learning from demonstration,Autonomous backhoe machine,Perception system,Dynamic movement primitives;Legged robots,optimization and optimal control,motion and path planning
Dai, H.;Dai, H.;Robust Optimization,Motion and Path Planning,Multilegged Robots;Legged robots,optimization and optimal control,motion and path planning
Semini, C.;Semini, C.;;Legged robots,optimization and optimal control,motion and path planning
Quelal, R.E.;Quelal, R.E.;;Ecuador,Medium and large companies,Agile software development,Survey
Dongo, I.;Dongo, I.;Datatype similarity,Ontology,XML,Semantic Web,XML Schema,RDF,Datatype analysis,Datatype inference,Datatype hierarchy;Semantic Web,Datatype,Inference
Yokoyama, S.;Yokoyama, S.;;Atomic event,Multimedia,Complex event,Sensor network
Barroso, R.H.;Barroso, R.H.;;Homogenization,UTL,Broadband,Matching,Metamaterial,Diamagnetism
Malpica, W.N.;Malpica, W.N.;;Homogenization,UTL,Broadband,Matching,Metamaterial,Diamagnetism
Lytra, I.;Lytra, I.;;Oceanographic Data,Maritime Applications,Big Data,Big Data Applications
Orlandi, F.;Orlandi, F.;;Oceanographic Data,Maritime Applications,Big Data,Big Data Applications
Attard, J.;Attard, J.;;Oceanographic Data,Maritime Applications,Big Data,Big Data Applications
Cones, E.;Cones, E.;;wind generators,asynchronous generators,Power system stability
Roviello, A.;Roviello, A.;;wind generators,asynchronous generators,Power system stability
De Oliveira De Jesus, P.;De Oliveira De Jesus, P.;;wind generators,asynchronous generators,Power system stability
Ferreira, J.;Ferreira, J.;;RFID,Automatic Identification,Security
Rodriguez, L.;Rodriguez, L.;;RFID,Automatic Identification,Security
Gonzalez, R.;Gonzalez, R.;software components,accelerographic data,Body Motion,Mobile applications,Sensors and Parkinson's disease,Wireless Sensor Networks,mobile devices,WiFiPhone,patterns catalog,Wireless sensor network,Post-Seismic Assessments,software engineering,Structural health monitoring,VisualSense,Quality of Service(QoS);RFID,Automatic Identification,Security
Rivas, D.;Rivas, D.;monitoring,accelerographic data,frost,greenhouse,Wireless Sensor Network,Public Healthcare,ZIGBEE,Wireless Sensor Networks,WiFiPhone,Electronic Medical Records,Wireless sensor network,Post-Seismic Assessments,LabVIEW,Structural health monitoring,roses,VisualSense,Distributed Databases,Quality of Service(QoS);Bud rot,RFID,Automatic Identification,Oil palm,WSN,Security
Castillo, F.;Castillo, F.;;Helicopters,Unmanned Aerial Vehicles,Model Predictive Control
Sanchez, G.;Sanchez, G.;Random Search,PID control optimization,Laguerre Identification;Helicopters,Unmanned Aerial Vehicles,Model Predictive Control
Vintimilla, C.;Vintimilla, C.;;Homa-IR,insulin resistance,unsupervided learning,elderly,K-means,Quicki
Astudillo-Salinas, F.;Astudillo-Salinas, F.;;Homa-IR,insulin resistance,unsupervided learning,elderly,metabolic syndrome,K-means,medical database,ROC curves,theorem π of Vaschy-Buckingham,Dimensional analysis,Quicki
Ismail, W.S.;Ismail, W.S.;;Rhetorical Relations,Machine Learning,Why Question Answering System,Natural Language Processing,Discourse Markers,DAWQAS
Fernández, B.R.;Fernández, B.R.;;Parameter Estimation,Applied Intelligence,Recurrent Neural Network,Series-Elastic Actuator
Rincon, J.S.;Rincon, J.S.;;Parameter Estimation,Applied Intelligence,Recurrent Neural Network,Series-Elastic Actuator
Morantes, G.;Morantes, G.;;Parameter Estimation,Applied Intelligence,Recurrent Neural Network,Series-Elastic Actuator
Bonet, B.;Bonet, B.;;
Geffner, H.;Geffner, H.;;
Bandres, W.;Bandres, W.;;
González-Lapea, J.;González-Lapea, J.;;Cell morphology,Quantitative phase microscopy.,Optical phase,Interference Microscopy,Cell adhesion
Márquez, A.H.;Márquez, A.H.;;Cell morphology,Quantitative phase microscopy.,Optical phase,Interference Microscopy,Cell adhesion
Darias, J.R.;Darias, J.R.;;Cell morphology,Quantitative phase microscopy.,Optical phase,Interference Microscopy,Cell adhesion
Noris-Suárez, K.;Noris-Suárez, K.;;Cell morphology,Quantitative phase microscopy.,Optical phase,Interference Microscopy,Cell adhesion
Murrugarra, C.;Murrugarra, C.;;Manipulator,Robot,Flexible,Dynamics,Vibrations,Transverse deflection
De Castro, O.;De Castro, O.;;Manipulator,Robot,Flexible,Dynamics,Vibrations,Transverse deflection
Terrones, A.;Terrones, A.;;Manipulator,Robot,Flexible,Dynamics,Vibrations,Transverse deflection
Revollar, S.;Revollar, S.;;neural networks,fuzzy systems,Economic model predictive control
Álvarez, H.;Álvarez, H.;;neural networks,fuzzy systems,Economic model predictive control
Lamanna, R.;Lamanna, R.;;neural networks,fuzzy systems,Economic model predictive control
Vega, P.;Vega, P.;;neural networks,fuzzy systems,Economic model predictive control
Goldar, A.;Goldar, A.;;neural networks,fuzzy systems,Economic model predictive control
Halilaj, L.;Halilaj, L.;Semantic data integration,AutomationML,Industry 4.0;Dependency Graph,Ontology Engineering,Test-Driven Ontology Development,Test Cases
Grangel-González, I.;Grangel-González, I.;Semantic data integration,AutomationML,Industry 4.0;Dependency Graph,Ontology Engineering,Test-Driven Ontology Development,Test Cases
Lohmann, S.;Lohmann, S.;;Dependency Graph,Ontology Engineering,Test-Driven Ontology Development,Test Cases
Auer, S.;Auer, S.;Enterprise information systems,Linked enterprise data,Semantic web technologies,Industry 4.0,RDF-Molecule,Enterprise knowledge graphs,AutomationML,Semantic data integration,RDF,Knowledge graph,Integration on demand;Ontology Engineering,Knowledge graphs,Dependency Graph,Test-Driven Ontology Development,Data integration,RDF,Test Cases,RDF molecules
Romero Marino, B.D.;Romero Marino, B.D.;;Human-computer interaction,user interfaces,modeling,information technology
Rodriguez-Fortiz, M.J.;Rodriguez-Fortiz, M.J.;;Human-computer interaction,user interfaces,modeling,information technology
Hurtado Torres, M.V.;Hurtado Torres, M.V.;;Human-computer interaction,user interfaces,modeling,information technology
Haddad, H.M.;Haddad, H.M.;AEGIS/ACCESSIBLE ontology,E-inclusion,User profile,Accessibility;Human-computer interaction,user interfaces,modeling,information technology
Piamonte, M.;Piamonte, M.;;Bud rot,WSN,Oil palm
Vargas, T.;Vargas, T.;;Bud rot,WSN,Oil palm
Guehis, S.;Guehis, S.;Big data analytic,Analytic models for big data,Analytical data management applications;Big data analytic,Analytic models for big data,Analytical data management applications
Musyaffa, F.A.;Musyaffa, F.A.;;
Li, Y.;Li, Y.;;
Collarana, D.;Collarana, D.;Industry 4.0,RDF-Molecule,AutomationML,Semantic data integration,RDF,Knowledge graph,Integration on demand;Knowledge graphs,RDF,RDF molecules,Data integration
Galkin, M.;Galkin, M.;Enterprise information systems,Linked enterprise data,Semantic web technologies,RDF-Molecule,Enterprise knowledge graphs,RDF,Knowledge graph,Integration on demand;Knowledge graphs,RDF,RDF molecules,Data integration
Lange, C.;Lange, C.;RDF,RDF-Molecule,Knowledge graph,Integration on demand;Knowledge graphs,RDF,RDF molecules,Data integration
Gangemi, A.;Gangemi, A.;;
Navigli, R.;Navigli, R.;;
Hollink, L.;Hollink, L.;;
Tordai, A.;Tordai, A.;;
Da Silva, M.G.;Da Silva, M.G.;;Emotions,Accessibility,Satisfaction,Lower limb disorders,Human computer interaction,Children with cerebral palsy,Psychological alterations,Behavior,Virtual rehabilitation
Albiol-Pérez, S.;Albiol-Pérez, S.;;Emotions,Accessibility,Satisfaction,Lower limb disorders,Human computer interaction,Children with cerebral palsy,Psychological alterations,Behavior,Virtual rehabilitation
Lombano, J.L.;Lombano, J.L.;;Accessibility,Satisfaction,Lower limb disorders,Human computer interaction,Virtual rehabilitation
Jacho-Guanoluisa, N.;Jacho-Guanoluisa, N.;;Accessibility,Satisfaction,Lower limb disorders,Human computer interaction,Virtual rehabilitation
Collazos, C.A.;Collazos, C.A.;;Accessibility,Satisfaction,Lower limb disorders,Human computer interaction,Virtual rehabilitation
Cano, S.;Cano, S.;;Emotions,Satisfaction,Children with cerebral palsy,Psychological alterations,Behavior,Virtual rehabilitation
Estellés, E.;Estellés, E.;;Emotions,Satisfaction,Children with cerebral palsy,Psychological alterations,Behavior,Virtual rehabilitation
Ruiz, M.A.;Ruiz, M.A.;;Emotions,Satisfaction,Children with cerebral palsy,Psychological alterations,Behavior,Virtual rehabilitation
Tur, G.;Tur, G.;Topic Discovering,Cost-Sensitive Classifier,Twitter,Random Forest,Spam Classification;
Kidanu, S.A.;Kidanu, S.A.;Ontologies,Sharing,Multimedia,Social Environments,Collaboration,Peerto-peer Infrastructure,Digital Ecosystem,Digital Ecosystems;
Ocando, M.G.;Ocando, M.G.;;
Certad, N.;Certad, N.;walking robots,foothold planning,AR. Drone,Trajectory Tracking,Control,gait generation,Artificial Potential Fields,Bezier curves,terrains with forbidden zones,circular hexapod,AR Marker Recognition,ROS,Trajectory Generation,Quadcopter;
Alvarado, S.;Alvarado, S.;;
López, G.F.;López, G.F.;;
González, M.;González, M.;;
Cappelletto, J.;Cappelletto, J.;Robust Optimization,walking robots,foothold planning,Motion and Path Planning,gait generation,terrains with forbidden zones,circular hexapod,Multilegged Robots;
Grieco, J.C.;Grieco, J.C.;Robust Optimization,walking robots,foothold planning,Motion and Path Planning,gait generation,terrains with forbidden zones,circular hexapod,Multilegged Robots;
Fernandez-Lopez, G.;Fernandez-Lopez, G.;Robust Optimization,Motion and Path Planning,Imagination,Consciousness,Autonomous feature extraction,Artificial general intelligence,Cognitive function synthesis,Hybrid architectures,Multilegged Robots;
Escalona, O.J.;Escalona, O.J.;Arm-ECG,FFT,Paroxysmal arrhythmias,Signal averaging,EEMD,ECG denoising,EMD,Wearable ECG monitoring,Long-term ECG,Bipolar ECG lead;
Lynn, W.D.;Lynn, W.D.;Arm-ECG,FFT,Paroxysmal arrhythmias,Signal averaging,EEMD,ECG denoising,EMD,Wearable ECG monitoring,Long-term ECG,Bipolar ECG lead;
McFrederick, L.;McFrederick, L.;Arm-ECG,FFT,Paroxysmal arrhythmias,Signal averaging,EEMD,ECG denoising,EMD,Wearable ECG monitoring,Long-term ECG,Bipolar ECG lead;
McEneaney, D.J.;McEneaney, D.J.;Arm-ECG,FFT,Paroxysmal arrhythmias,Signal averaging,EEMD,ECG denoising,EMD,Wearable ECG monitoring,Long-term ECG,Bipolar ECG lead;
Figuera, M.;Figuera, M.;Asynchronous web clients,Spreadsheets;
Torrealba, R.R.;Torrealba, R.R.;Gait rehabilitation exoskeleton,Cam shape design,Stiffness variability,Human knee joint,Variable impedance actuators,Variable stiffness mechanism,Variable impedance actuator,Differential evolution,Knee joint actuator,Bézier curves,Robotic-assisted gait training;
Udelman, S.B.;Udelman, S.B.;Gait rehabilitation exoskeleton,Cam shape design,Stiffness variability,Human knee joint,Variable impedance actuators,Variable stiffness mechanism,Variable impedance actuator,Differential evolution,Knee joint actuator,Bézier curves,Robotic-assisted gait training;
Fonseca-Rojas, E.D.;Fonseca-Rojas, E.D.;Gait rehabilitation exoskeleton,Human knee joint,Variable stiffness mechanism,Variable impedance actuator,Robotic-assisted gait training;
Bravo, M.;Bravo, M.;Burg Periodogram,Three-axis Accelerometer,Parkinson's Disease,PSD;
Bermeo, A.;Bermeo, A.;Burg Periodogram,Three-axis Accelerometer,Parkinson's Disease,PSD;
Soto, A.;Soto, A.;monitoring,orchid,Greenhouse,Parkinson,tremors,smartwatches,ZigBee;
Alvizu, R.;Alvizu, R.;fiber delay line,Energy efficiency,optimization model,Mobile metro-core network,Multipath routing,differential delay compensation,Artificial neural networks,optical network,Prediction,Machine learning,Software-defined networking,Dynamic optical routing,Network optimization;
Troia, S.;Troia, S.;Energy efficiency,Mobile metro-core network,Artificial neural networks,Prediction,Machine learning,Software-defined networking,Dynamic optical routing,Network optimization;
Maier, G.;Maier, G.;fiber delay line,Energy efficiency,optimization model,Mobile metro-core network,Multipath routing,differential delay compensation,Artificial neural networks,optical network,Prediction,Machine learning,Software-defined networking,Dynamic optical routing,Network optimization;
Pattavina, A.;Pattavina, A.;Energy efficiency,Mobile metro-core network,Artificial neural networks,Prediction,Machine learning,Software-defined networking,Dynamic optical routing,Network optimization;
Acosta, M.;Acosta, M.;Crowd Knowledge,RDF data,Hybrid System,Crowd knowledge,SPARQL query,Query Execution,RDF Data,Hybrid system,Crowdsourcing,SPARQL Query,Completeness model,Query execution,Microtasks,Completeness Model;
Simperl, E.;Simperl, E.;Crowd Knowledge,RDF data,Hybrid System,Crowd knowledge,SPARQL query,Query Execution,RDF Data,Hybrid system,Crowdsourcing,SPARQL Query,Completeness model,Query execution,Microtasks,Completeness Model;
Flöck, F.;Flöck, F.;Crowd Knowledge,RDF data,Hybrid System,Crowd knowledge,SPARQL query,Query Execution,RDF Data,Hybrid system,Crowdsourcing,SPARQL Query,Completeness model,Query execution,Microtasks,Completeness Model;
Rodríguez, R.;Rodríguez, R.;Ontologies,Sharing,Multimedia,Social Environments,Peerto-peer Infrastructure,Digital Ecosystems;
Ibanez, C.A.R.;Ibanez, C.A.R.;Ontologies,Sharing,Multimedia,Social Environments,Peerto-peer Infrastructure,Digital Ecosystems;
Morales, L.E.M.;Morales, L.E.M.;Compositional verification,Safety-critical systems,Business process,Timed automata,Qualitative analysis,Formal verification approach,Task model,Critical software systems,Model checking;
Monsalve, C.;Monsalve, C.;Business process,Timed automata,Qualitative analysis,Task model,Model checking;
Jiménez P.;Jiménez P.;Finite volumes,Quadrilateral mesh,Reservoir simulation,Finite differences,Grid generation,Complex internal boundaries;
O.J.;O.J.;Finite volumes,Quadrilateral mesh,Reservoir simulation,Finite differences,Grid generation,Complex internal boundaries;
Fernandez, L.;Fernandez, L.;monitoring,orchid,Greenhouse,ZigBee;
Sagbay, G.;Sagbay, G.;monitoring,orchid,Greenhouse,Burg Periodogram,Parkinson's Disease,Parkinson,accelerographic data,Telemedicine,tremors,Ambulance,WiFiPhone,PSD,Wireless sensor network,Structural health monitoring,smartwatches,Three-axis Accelerometer,LTE,ZigBee;
Hernandez, E.;Hernandez, E.;Public Healthcare,Electronic Medical Records,Healthcare System,Electronic Medical Record,Distributed Databases,Databases Synchronization;
Ortiz-Conde, A.;Ortiz-Conde, A.;MOSFET,parameter extraction,Parasitic series resistance,Mobility degradation;
Sucre-Gonzalez, A.;Sucre-Gonzalez, A.;MOSFET,parameter extraction,Parasitic series resistance,Mobility degradation;
Zarate-Rincon, F.;Zarate-Rincon, F.;MOSFET,parameter extraction,Parasitic series resistance,Mobility degradation;
Liou, J.J.;Liou, J.J.;MOSFET,parameter extraction,Parasitic series resistance,Mobility degradation;
Garcia-Sanchez, F.J.;Garcia-Sanchez, F.J.;MOSFET,parameter extraction,Parasitic series resistance,Mobility degradation;
Torres, R.;Torres, R.;Sensors and Parkinson's disease,Body Motion;
Bermeo, J.;Bermeo, J.;Sensors and Parkinson's disease,Body Motion;
Vayas, G.;Vayas, G.;Sensors and Parkinson's disease,Body Motion;
Martínez, J.M.;Martínez, J.M.;Smooth unconstrained minimization,Cubic modeling,Newton-type methods,Trust-region strategies,Regularization;
Raydan, M.;Raydan, M.;Energy localization,Inverse-free methods,Smooth unconstrained minimization,Cubic modeling,Quadratic matrix model updating,Quadratic Rayleigh quotient,Newton-type methods,Trust-region strategies,Nonlinear programming,Regularization,Data approximation,Powell–Sabin element,Algorithms,Noise reduction,Multiresolution algorithms;
Ariza García, E.;Ariza García, E.;Initial value problem,Interior estimates,Associated Operators,Associated spaces;
Di Teodoro, A.;Di Teodoro, A.;Dirichlet problem,Initial value problem,Interior estimates,Meta-monogenic functions,Clifford-type algebras depending on parameters,Associated spaces,Associated Operators;
Sapiain, M.;Sapiain, M.;Initial value problem,Interior estimates,Associated Operators,Associated spaces;
Vargas, F.;Vargas, F.;Initial value problem,Interior estimates,Associated Operators,Associated spaces;
Garrán, P.T.;Garrán, P.T.;Coupled Tanks System,Linear Quadratic Regulator (LQR),Active Disturbance Rejection Control (ADRC),Proportional-Integral-Derivative (PID) Controller,Extended State Observer (ESO);
Garcia, G.;Garcia, G.;Coupled Tanks System,Linear Quadratic Regulator (LQR),Active Disturbance Rejection Control (ADRC),Proportional-Integral-Derivative (PID) Controller,Extended State Observer (ESO);
Aller, J.;Aller, J.;direct current control,LCL coupling,approximate parameter estimation,temperature,irradiation,PV model,power electronics,predictive control;
Ginart, A.;Ginart, A.;approximate parameter estimation,irradiation,temperature,PV model;
Salazar, A.;Salazar, A.;approximate parameter estimation,irradiation,temperature,PV model;
Pasarella, E.;Pasarella, E.;;
Zoltan, C.;Zoltan, C.;;
Capel, M.I.;Capel, M.I.;Compositional verification,Safety-critical systems,Methodological approach,Software architecture,Critical computer-based systems,Safety-critical systems software,Design patterns,Formal verification approach,Software verification,Software quality factors,Critical software systems,Software specification,Architectural patterns,Model checking;
Jaffe, K.;Jaffe, K.;Assortation,Social synergy,Homophily,Evolution,Kin,Inclusive fitness;
Formica, G.;Formica, G.;;
Ponte, M.;Ponte, M.;;
De Lima, F.;De Lima, F.;optimal operation of power systems,AGC,dispatch center,Automatic Generation Control;
De Lima, O.;De Lima, O.;optimal operation of power systems,AGC,dispatch center,Automatic Generation Control;
Machín, I.;Machín, I.;molecular energies,Acentric factor,computational chemistry,correlation;
Olivera-Fuentes, C.;Olivera-Fuentes, C.;molecular energies,Acentric factor,computational chemistry,correlation;
Durán-García, M.E.;Durán-García, M.E.;coal efficiency,polymath 6.0 educational,Residual biomass,steam biomass;
Zeppieri, S.;Zeppieri, S.;coal efficiency,polymath 6.0 educational,Residual biomass,steam biomass;
Buendía, G.M.;Buendía, G.M.;;
Pommerening, F.;Pommerening, F.;;
Helmert, M.;Helmert, M.;;
Montoya, G.;Montoya, G.;Source selection,Query decomposition,Fragment replication,Linked data,Federated query processing;
Skaf-Molli, H.;Skaf-Molli, H.;Source selection,Query decomposition,Fragment replication,Linked data,Federated query processing;
Molli, P.;Molli, P.;Source selection,Query decomposition,Fragment replication,Linked data,Federated query processing;
Grimán, A.;Grimán, A.;Software architecture,Design patterns,Software quality factors,Architectural patterns;
Garví, E.;Garví, E.;Software architecture,Design patterns,Software quality factors,Architectural patterns;
Priyatna, F.;Priyatna, F.;Services,Data profiling,Quality,Linked Data;
Ruckhaus, E.;Ruckhaus, E.;Services,Data profiling,Quality,Linked Data;
Mihindukulasooriya, N.;Mihindukulasooriya, N.;Services,Data profiling,Quality,Linked Data;
Corcho, O.;Corcho, O.;Semantic web,Knowledge representation,Biomedical ontologies,Graph theory,Natural language processing;
Saturno, N.;Saturno, N.;Services,Data profiling,Quality,Linked Data;
García-Castro, R.;García-Castro, R.;Services,Data profiling,Quality,Linked Data;
Barbieri, G.;Barbieri, G.;;
Barbery, I.I.;Barbery, I.I.;;
Rodriguez, C.F.;Rodriguez, C.F.;;
Mirena, J.;Mirena, J.;Kinetic modeling,statistical test,cross-validation test,non-linear regression,model discrimination,anaerobic oxidative dehydrogenation;
Moreno, M.;Moreno, M.;Kinetic modeling,statistical test,cross-validation test,non-linear regression,model discrimination,anaerobic oxidative dehydrogenation;
Sogne, G.;Sogne, G.;Kinetic modeling,statistical test,cross-validation test,non-linear regression,model discrimination,anaerobic oxidative dehydrogenation;
Papa, J.;Papa, J.;Kinetic modeling,statistical test,cross-validation test,non-linear regression,model discrimination,anaerobic oxidative dehydrogenation;
Pittol, J.;Pittol, J.;Kinetic modeling,statistical test,cross-validation test,non-linear regression,model discrimination,anaerobic oxidative dehydrogenation;
Pounder, G.A.J.;Pounder, G.A.J.;Imagination,Consciousness,Autonomous feature extraction,Artificial general intelligence,Cognitive function synthesis,Hybrid architectures;
Ellis, R.L.A.;Ellis, R.L.A.;Imagination,Consciousness,Autonomous feature extraction,Artificial general intelligence,Cognitive function synthesis,Hybrid architectures;
Dávila, M.;Dávila, M.;Altarpiece,Heritage,Augmented reality,San jacinto de Caracas convent;
Marín, O.;Marín, O.;Altarpiece,Heritage,Augmented reality,San jacinto de Caracas convent;
Sure-Vetter, Y.;Sure-Vetter, Y.;Semantic similarity measures,Data-driven tasks,Knowledge graph;
Al-Khalil, F.;Al-Khalil, F.;XML,Semantic Web,RDF,Datatype analysis,Datatype inference;
Al Khalil, F.;Al Khalil, F.;Datatype similarity,Ontology,XML,Semantic Web,XML Schema,RDF,Datatype hierarchy;
Morales, C.;Morales, C.;;
Borges, M.;Borges, M.;;
McLaughlin, J.;McLaughlin, J.;;
McEneaney, D.;McEneaney, D.;;
Romero-Mariño, B.D.;Romero-Mariño, B.D.;AEGIS/ACCESSIBLE ontology,E-inclusion,User profile,Accessibility;
Espín, V.;Espín, V.;AEGIS/ACCESSIBLE ontology,E-inclusion,User profile,Accessibility;
Rodríguez-Fórtiz, M.J.;Rodríguez-Fórtiz, M.J.;AEGIS/ACCESSIBLE ontology,E-inclusion,User profile,Accessibility;
Ramos, L.;Ramos, L.;AEGIS/ACCESSIBLE ontology,E-inclusion,User profile,Accessibility;
Mansour, E.;Mansour, E.;Multimedia sharing,Semantic clustering,Social networks,Social event detection,Formal concept analysis;
Tekli, G.;Tekli, G.;Multimedia sharing,Sharing,Semantic clustering,Social networks,Multimedia,Social event detection,Collaboration,Digital Ecosystem,Formal concept analysis;
Arnould, P.;Arnould, P.;Multimedia sharing,Semantic clustering,Social networks,Social event detection,Formal concept analysis;
Scerri, S.;Scerri, S.;Enterprise knowledge graphs,Enterprise information systems,Linked enterprise data,Semantic web technologies;
De Giacomo, G.;De Giacomo, G.;;
Rubin, S.;Rubin, S.;;
Velásquez, M.;Velásquez, M.;chlorobencene,DFT,Molybdenum carbide,electrostatic potential,HDC,presulfidation;
Rodríguez, J.;Rodríguez, J.;chlorobencene,DFT,Molybdenum carbide,electrostatic potential,HDC,presulfidation;
Bastardo, A.;Bastardo, A.;chlorobencene,DFT,Molybdenum carbide,electrostatic potential,HDC,presulfidation;
Añez, R.;Añez, R.;chlorobencene,DFT,Molybdenum carbide,electrostatic potential,HDC,presulfidation;
Coll, D.S.;Coll, D.S.;chlorobencene,DFT,Molybdenum carbide,electrostatic potential,HDC,presulfidation;
Cardinal, Y.;Cardinal, Y.;Big data analytic,Analytic models for big data,Analytical data management applications;
Traverso-Ribón, I.;Traverso-Ribón, I.;Semantic similarity,Relation discovery,Graph partitioning;
Goncalves, M.;Goncalves, M.;;
Mendoza, J.N.;Mendoza, J.N.;;
Ibáñiez, M.-B.;Ibáñiez, M.-B.;Interactive learning environments,Augmented reality,Technology acceptance model,Assessment;
Di Scrio, A.;Di Scrio, A.;Interactive learning environments,Augmented reality,Technology acceptance model,Assessment;
Villarán, D.;Villarán, D.;Interactive learning environments,Augmented reality,Technology acceptance model,Assessment;
Delgado-Kloos, C.;Delgado-Kloos, C.;behavioral pattern,Interactive learning environments,computer simulations,scaffolding,Augmented reality,augmented reality,science learning,Technology acceptance model,Assessment;
Cappelleto, J.;Cappelleto, J.;;
Fernandez, G.;Fernandez, G.;;
Torrealba, R.;Torrealba, R.;;
Guerrero, S.;Guerrero, S.;;
Mogrovejo, D.;Mogrovejo, D.;linear matrix inequality (LMI),multivariable PID control,quadruple-tank process,polytopic uncertainty,static output feedback (SOF);
Granado, E.;Granado, E.;linear matrix inequality (LMI),Random Search,PID control optimization,multivariable PID control,Laguerre Identification,quadruple-tank process,polytopic uncertainty,static output feedback (SOF);
Colmenares, W.;Colmenares, W.;linear matrix inequality (LMI),multivariable PID control,quadruple-tank process,polytopic uncertainty,static output feedback (SOF);
Zambrano, J.;Zambrano, J.;linear matrix inequality (LMI),multivariable PID control,quadruple-tank process,polytopic uncertainty,static output feedback (SOF);
Ciaccia, M.;Ciaccia, M.;bone failure,Monte Carlo,confidence level,convergence criterion;
Muller-Karger, C.;Muller-Karger, C.;bone failure,Monte Carlo,confidence level,convergence criterion;
Casanova, E.;Casanova, E.;bone failure,Monte Carlo,confidence level,convergence criterion;
San Antonio, T.;San Antonio, T.;bone failure,Monte Carlo,confidence level,convergence criterion;
Espinoza, J.;Espinoza, J.;LTE,Telemedicine,Ambulance;
Chandy, D.;Chandy, D.;LTE,Telemedicine,Ambulance;
Ochoa, S.;Ochoa, S.;LTE,Telemedicine,Ambulance;
Avila, R.;Avila, R.;LTE,Telemedicine,Ambulance;
Contreras, R.;Contreras, R.;Burg Periodogram,Parkinson's Disease,Parkinson,tremors,smartwatches,Three-axis Accelerometer,PSD;
Llumiguano, C.;Llumiguano, C.;Burg Periodogram,Three-axis Accelerometer,Parkinson's Disease,PSD;
Perpinan, G.;Perpinan, G.;;
Pacheco, M.;Pacheco, M.;;
Quintero, L.;Quintero, L.;;
Bizer, C.;Bizer, C.;;
Dong, L.;Dong, L.;;
Ilyas, I.;Ilyas, I.;;
Mendoza, M.;Mendoza, M.;;
Traverso, I.;Traverso, I.;Semantic similarity measures,Data-driven tasks,Knowledge graph;
Kämpgen, B.;Kämpgen, B.;Semantic similarity measures,Data-driven tasks,Knowledge graph;
Rengifo, P.;Rengifo, P.;;
Rodríguez, D.A.;Rodríguez, D.A.;;
Martínez, I.C.;Martínez, I.C.;;
Fortes, M.A.;Fortes, M.A.;Energy localization,Inverse-free methods,Data approximation,Powell–Sabin element,Noise reduction,Multiresolution algorithms;
Sajo-Castelli, A.M.;Sajo-Castelli, A.M.;Energy localization,Inverse-free methods,Data approximation,Powell–Sabin element,Noise reduction,Multiresolution algorithms;
Perez, A.;Perez, A.;Post-Seismic Assessments,Wireless Sensor Networks,VisualSense,Quality of Service(QoS);
Hernandez, Y.;Hernandez, Y.;Post-Seismic Assessments,Wireless Sensor Networks,VisualSense,Quality of Service(QoS);
Valencia, J.;Valencia, J.;fiber delay line,optimization model,Multipath routing,differential delay compensation,optical network;
Leal, D.L.;Leal, D.L.;real-time systems,Experimentation environments,embedded or built-in systems,microcontrollers;
Celi, M.R.;Celi, M.R.;real-time systems,Experimentation environments,embedded or built-in systems,microcontrollers;
Alvarez, E.;Alvarez, E.;real-time systems,Experimentation environments,embedded or built-in systems,microcontrollers;
Medina, N.;Medina, N.;;
Hernandez, M.;Hernandez, M.;;
Quintana, A.;Quintana, A.;;
Sorrentino Ramirez, E.;Sorrentino Ramirez, E.;control of synchronous generators,electromechanical transients in power systems,Transient stability;
Villafuerte, P.;Villafuerte, P.;control of synchronous generators,electromechanical transients in power systems,Transient stability;
Rojas, M.;Rojas, M.;walking robots,foothold planning,gait generation,terrains with forbidden zones,circular hexapod;
Velez, P.;Velez, P.;Trajectory Tracking,AR. Drone,Control,Artificial Potential Fields,Bezier curves,AR Marker Recognition,ROS,Trajectory Generation,Quadcopter;
Ruiz, E.;Ruiz, E.;Trajectory Tracking,AR. Drone,Control,Kinect,Artificial Potential Fields,Bezier curves,Navigation,Fuzzy,AR Marker Recognition,ROS,Trajectory Generation,Path-planning,Mobile robots,Quadcopter;
Strauss, V.A.;Strauss, V.A.;Selfadjoint extensions,Negative eigenvalues,Harmonic oscillator,Singular perturbation;
Winklmeier, M.A.;Winklmeier, M.A.;Selfadjoint extensions,Negative eigenvalues,Harmonic oscillator,Singular perturbation;
Requez, J.;Requez, J.;Random Search,PID control optimization,Laguerre Identification;
Strefezza, M.;Strefezza, M.;Random Search,PID control optimization,Laguerre Identification;
Troya, D.P.C.;Troya, D.P.C.;space vectors,Wind generator,Permanent magnet machine;
Mendez, C.;Mendez, C.;space vectors,Wind generator,Permanent magnet machine;
Segarra, J.;Segarra, J.;space vectors,Wind generator,Permanent magnet machine;
Acuña, R.;Acuña, R.;Control,Kinect,Navigation,Fuzzy,ROS,Path-planning,Mobile robots;
Chacón-Troya, D.P.;Chacón-Troya, D.P.;Pv panels,Fault tolerant circuits,Z-source inverter,Mppt;
Alvarez, C.J.;Alvarez, C.J.;Pv panels,Fault tolerant circuits,Z-source inverter,Mppt;
Pablo, E.G.;Pablo, E.G.;Pv panels,Fault tolerant circuits,Z-source inverter,Mppt;
Grimán, A.C.;Grimán, A.C.;;
Andretta, M.;Andretta, M.;Quadratic Rayleigh quotient,Nonlinear programming,Quadratic matrix model updating,Algorithms;
Birgin, E.G.;Birgin, E.G.;Quadratic Rayleigh quotient,Nonlinear programming,Quadratic matrix model updating,Algorithms;
Ibáñez, M.-B.;Ibáñez, M.-B.;behavioral pattern,computer simulations,scaffolding,augmented reality,science learning;
Di-Serio, A.;Di-Serio, A.;behavioral pattern,computer simulations,scaffolding,augmented reality,science learning;
Villarán-Molina, D.;Villarán-Molina, D.;behavioral pattern,computer simulations,scaffolding,augmented reality,science learning;
Pinto, R.T.;Pinto, R.T.;;
Christian Alejandro, L.R.;Christian Alejandro, L.R.;;
Aragüés-Peñalba, M.;Aragüés-Peñalba, M.;;
Sumper, A.;Sumper, A.;;
Castillo, S.;Castillo, S.;;
Palma, G.;Palma, G.;Semantic similarity,Relation discovery,Graph partitioning;
Breslin, J.G.;Breslin, J.G.;;
Bellary, S.A.I.;Bellary, S.A.I.;Multi-objective optimization,Electrical submersible pump,Surrogate model,Centrifugal pump impeller,Genetic algorithm;
Adhav, R.;Adhav, R.;Multi-objective optimization,Electrical submersible pump,Surrogate model,Centrifugal pump impeller,Genetic algorithm;
Siddique, M.H.;Siddique, M.H.;Multi-objective optimization,Electrical submersible pump,Surrogate model,Centrifugal pump impeller,Genetic algorithm;
Kenyery, F.;Kenyery, F.;Multi-objective optimization,Electrical submersible pump,Surrogate model,Centrifugal pump impeller,Genetic algorithm;
Samad, A.;Samad, A.;Multi-objective optimization,Electrical submersible pump,Surrogate model,Centrifugal pump impeller,Genetic algorithm;
Bianchi, M.;Bianchi, M.;;
Cornaro, A.;Cornaro, A.;;
Palacios, J.L.;Palacios, J.L.;;
Renom, J.M.;Renom, J.M.;;
Torriero, A.;Torriero, A.;;
Flores, A.;Flores, A.;Semantic similarity,Relation discovery,Graph partitioning;
Mundarain, D.F.;Mundarain, D.F.;Quantum entanglement,Quantum discord,Quantum correlations;
de Guevara, M.L.L.;de Guevara, M.L.L.;Quantum entanglement,Quantum discord,Quantum correlations;
Curiel, M.;Curiel, M.;software components,Mobile applications,mobile devices,patterns catalog,software engineering;
Delgado, J.A.;Delgado, J.A.;Haar-wavelet Transform,Abdominal Fetal Electrocardiogram,Support Vector Machine,fQRS Complex Detection,Principal Component Analysis;
Perez, W.;Perez, W.;;
Tello, A.;Tello, A.;DICOM Ontology,Semantic Annotations,Web 3D-Visualizer,Volumetric Image;
Saquicela, V.;Saquicela, V.;;
La Cruz, A.;La Cruz, A.;DICOM Ontology,Semantic Annotations,Web 3D-Visualizer,Volumetric Image;
Garran, P.T.;Garran, P.T.;LQR,Lightly damped system,Vibration reduction,Transient response,Output derivative;
Nardone, V.;Nardone, V.;LQR,Lightly damped system,Vibration reduction,Transient response,Output derivative;
Diez, J.R.;Diez, J.R.;LQR,Lightly damped system,Vibration reduction,Transient response,Output derivative;
Vanegas, J.;Vanegas, J.;Meta-monogenic functions,Clifford-type algebras depending on parameters,Dirichlet problem;
Callaos, N.;Callaos, N.;;
Alibrandi, S.;Alibrandi, S.;;
Bravo, S.;Bravo, S.;;
Guzmán, A.;Guzmán, A.;Weak Measurement,KDP,induced birefringence;
Ladera, C.;Ladera, C.;Weak Measurement,KDP,induced birefringence;
Giraldo, O.;Giraldo, O.;Semantic web,Knowledge representation,Biomedical ontologies,Graph theory,Natural language processing;
Garcia, A.;Garcia, A.;Semantic web,Knowledge representation,Biomedical ontologies,Graph theory,Natural language processing;
Figueredo, J.;Figueredo, J.;Semantic web,Knowledge representation,Biomedical ontologies,Graph theory,Natural language processing;
Röjger, G.;Röjger, G.;;
Ramírez, J.L.;Ramírez, J.L.;Combinatorial identities,K-bonacci sequence,Recurrences,Riordan arrays,Generating function,The k-Narayana sequence,Lattice paths;
Sirvent, V.F.;Sirvent, V.F.;Combinatorial identities,K-bonacci sequence,Recurrences,Riordan arrays,Generating function,The k-Narayana sequence,Lattice paths;
Overby, C.L.;Overby, C.L.;;
Zotkina, E.;Zotkina, E.;;
Raschid, L.;Raschid, L.;;
Matute, A.;Matute, A.;;
Chang, C.;Chang, C.;Cloud detection,Object-based image analysis,Fuzzy artmap neural network;
Vaca, F.;Vaca, F.;Cloud detection,Object-based image analysis,Fuzzy artmap neural network;
Lugo, M.V.;Lugo, M.V.;gated transmission,power control,component,uplink transmit power,CDMA2000 1XRTT;
Diaz, C.;Diaz, C.;Omeprazole,TDDFT,Computational chemistry,Tautomerism,Bezimidazole;
Llovera, L.;Llovera, L.;Omeprazole,TDDFT,Computational chemistry,Tautomerism,Bezimidazole;
Echevarria, L.;Echevarria, L.;Omeprazole,TDDFT,Computational chemistry,Tautomerism,Bezimidazole;
Hernández, F.E.;Hernández, F.E.;Omeprazole,TDDFT,Computational chemistry,Tautomerism,Bezimidazole;
Vega, F.;Vega, F.;DICOM Ontology,Semantic Annotations,Web 3D-Visualizer,Volumetric Image;
Pérez, W.;Pérez, W.;DICOM Ontology,Semantic Annotations,Web 3D-Visualizer,Volumetric Image;
Nabhan Homsi, M.;Nabhan Homsi, M.;Haar-wavelet Transform,Abdominal Fetal Electrocardiogram,Support Vector Machine,fQRS Complex Detection,Principal Component Analysis;
Ledezma, C.A.;Ledezma, C.A.;Optimal Data Fusion,ECG Signal Processing,Digital Filtering,QRS Complex Detection;
Perpinañ, G.;Perpinañ, G.;Optimal Data Fusion,ECG Signal Processing,Digital Filtering,QRS Complex Detection;
Pacheco, M.L.;Pacheco, M.L.;;
Fernandes, K.;Fernandes, K.;;
Porco, A.;Porco, A.;;
Dalmagro, F.;Dalmagro, F.;agent models,Game theory,conflicts,social systems;
Jimenez, J.;Jimenez, J.;agent models,Game theory,conflicts,social systems;
Ordoñez, E.;Ordoñez, E.;Structural health monitoring,Wireless sensor network,accelerographic data,WiFiPhone;
Folz, P.;Folz, P.;;
Haag, E.;Haag, E.;;
Thor, A.;Thor, A.;;
Carrault, G.;Carrault, G.;Apnea–bradycardia,Electrocardiogram,Time series analysis,Hidden semi-Markov models,Data mining;
Beuchée, A.;Beuchée, A.;Apnea–bradycardia,Electrocardiogram,Time series analysis,Hidden semi-Markov models,Data mining;
Pladys, P.;Pladys, P.;Apnea–bradycardia,Electrocardiogram,Time series analysis,Hidden semi-Markov models,Data mining;
Hernández, A.I.;Hernández, A.I.;Apnea–bradycardia,Electrocardiogram,Time series analysis,Hidden semi-Markov models,Data mining;
Erazo, M.;Erazo, M.;monitoring,frost,greenhouse,Wireless Sensor Network,ZIGBEE,LabVIEW,roses;
Perez, M.;Perez, M.;monitoring,frost,greenhouse,Wireless Sensor Network,ZIGBEE,LabVIEW,roses;
Rojo, J.L.;Rojo, J.L.;monitoring,computational fluid dynamics,frost,greenhouse,Wireless Sensor Network,ZIGBEE,modeling,wind turbine,FAST sowftware,LabVIEW,roses,Generator;
Perez-Gutierrez, M.F.;Perez-Gutierrez, M.F.;computational fluid dynamics,modeling,wind turbine,FAST sowftware,Generator;
Erazo-Rodas, M.;Erazo-Rodas, M.;computational fluid dynamics,modeling,wind turbine,FAST sowftware,Generator;
Ceballos, M.R.;Ceballos, M.R.;;
Gorricho, J.L.;Gorricho, J.L.;;
Palma Gamboa, O.;Palma Gamboa, O.;;
Erazo Rodas, M.;Erazo Rodas, M.;;
Francisco, M.;Francisco, M.;;
Lamanna de Rocco, R.;Lamanna de Rocco, R.;;
Chiquin, Z.;Chiquin, Z.;;
Domínguez, K.;Domínguez, K.;;
Méndez, E.;Méndez, E.;;
Zavala, A.;Zavala, A.;;
Ibanez, M.-B.;Ibanez, M.-B.;;
Bern, Z.;Bern, Z.;;
Dixon, L.J.;Dixon, L.J.;;
Febres Cordero, F.;Febres Cordero, F.;;
Kosower, D.A.;Kosower, D.A.;;
Maître, D.;Maître, D.;;
Borges, N.;Borges, N.;;
González, P.J.;González, P.J.;;
Boschetti, P.J.;Boschetti, P.J.;;
Cárdenas, E.M.;Cárdenas, E.M.;;
Rodriguez-Celi, M.;Rodriguez-Celi, M.;;
Loaiza, M.;Loaiza, M.;;
Rezende, R.A.;Rezende, R.A.;;
Da Silva, J.V.L.;Da Silva, J.V.L.;;
Bártolo, P.J.;Bártolo, P.J.;;
Sabino, M.A.;Sabino, M.A.;;
Rosato, F.;Rosato, F.;;
Argüello, J.;Argüello, J.;;
Chikhani, A.S.;Chikhani, A.S.;;
González, G.;González, G.;;
Ramos, L.C.;Ramos, L.C.;;
Moreno, M.L.;Moreno, M.L.;;
Rengifo, R.;Rengifo, R.;;
Parra, Y.;Parra, Y.;;
Acedo De Bueno, M.D.L.;Acedo De Bueno, M.D.L.;;
González, C.H.;González, C.H.;;
Sánchez, G.A.;Sánchez, G.A.;;
De Sa Rodrigues, J.;De Sa Rodrigues, J.;;
Santos Herrera, J.;Santos Herrera, J.;;
Berrizbeita, F.;Berrizbeita, F.;;
Burguillos, O.;Burguillos, O.;;
Baldizan, O.;Baldizan, O.;;
Berzoy, A.;Berzoy, A.;;
Valero, C.E.;Valero, C.E.;;
Figueira, F.;Figueira, F.;;
Elcure, G.A.;Elcure, G.A.;;
Vilela, D.E.P.;Vilela, D.E.P.;;
Fuentes, C.O.;Fuentes, C.O.;;
Curbelo, S.;Curbelo, S.;;
Rodríguez, M.J.;Rodríguez, M.J.;;
Harth, A.;Harth, A.;;
Paladino, R.;Paladino, R.;;
Campos, J.M.;Campos, J.M.;;
Pereira, W.;Pereira, W.;;
Cadenas, J.T.;Cadenas, J.T.;;
Omaña, M.;Omaña, M.;;
Borjas, L.;Borjas, L.;;
Ramírez, J.;Ramírez, J.;;
Tineo, L.;Tineo, L.;;
Castro, M.;Castro, M.;;
Ramos, E.;Ramos, E.;;
Corales, E.;Corales, E.;;
Nuñez, H.;Nuñez, H.;;
Blanco, M.B.;Blanco, M.B.;;
Gil, R.J.;Gil, R.J.;;
Röger, G.;Röger, G.;;
Baethge, E.;Baethge, E.;;
Revollar, S.R.;Revollar, S.R.;;
Ibáñez, M.B.;Ibáñez, M.B.;;
Di Serio, Á.;Di Serio, Á.;;
Delgado Kloos, C.;Delgado Kloos, C.;;
Pineda, M.;Pineda, M.;;
Toral, R.;Toral, R.;;
Romero, B.D.;Romero, B.D.;;
Hurtado, M.V.;Hurtado, M.V.;;
Buil-Aranda, C.;Buil-Aranda, C.;;
Pariata, M.;Pariata, M.;;
Montaño, N.;Montaño, N.;;
Marín, N.;Marín, N.;;
Vila, M.A.;Vila, M.A.;;
Vásquez, H.;Vásquez, H.;;
Aguilera, A.;Aguilera, A.;;
Mata-Toledo, R.;Mata-Toledo, R.;;
Manzanilla-Salazar, O.G.;Manzanilla-Salazar, O.G.;;
Espinal-Kohler, J.;Espinal-Kohler, J.;;
García-Palomares, U.M.;García-Palomares, U.M.;;
Van Den Briel, M.;Van Den Briel, M.;;
Walsh, P.R.;Walsh, P.R.;;
Rodrigues, P.A.;Rodrigues, P.A.;;
Goodfellow, J.;Goodfellow, J.;;
Ibáñez, L.-D.;Ibáñez, L.-D.;;
Vidal, A.B.;Vidal, A.B.;;
Aray, Y.;Aray, Y.;;
Teppa-Garran, P.;Teppa-Garran, P.;;
Haslum, P.;Haslum, P.;;
Khomenko, V.;Khomenko, V.;;
Thiébaux, S.;Thiébaux, S.;;
Vogler, W.;Vogler, W.;;
Horne, J.;Horne, J.;;
Machado, A.;Machado, A.;;
Izquierdo, M.A.;Izquierdo, M.A.;;
Mastrodomenico, A.;Mastrodomenico, A.;;
Paz, J.L.;Paz, J.L.;;
Castro, E.;Castro, E.;;
Paez, E.J.;Paez, E.J.;;
Ladera, C.L.;Ladera, C.L.;;
Zambrano, A.;Zambrano, A.;;
Gómez, R.;Gómez, R.;;
Pereira, R.T.;Pereira, R.T.;;
Barreto, A.;Barreto, A.;;
Vega, C.;Vega, C.;;
Garcia, I.;Garcia, I.;;
García-Urrea, I.J.;García-Urrea, I.J.;;
Rodríguez-Hernández, P.S.;Rodríguez-Hernández, P.S.;;
Rivera, P.;Rivera, P.;;
Rodriguez, M.G.;Rodriguez, M.G.;;
Colmenares, P.;Colmenares, P.;;
Rodríguez, M.G.;Rodríguez, M.G.;;
Lollett, C.;Lollett, C.;;
Kodoth, V.;Kodoth, V.;;
Lau, E.;Lau, E.;;
Manoharan, G.;Manoharan, G.;;
Veloz, N.;Veloz, N.;;
González-Laprea, J.;González-Laprea, J.;;
Escalona, R.;Escalona, R.;;
Mijares, H.;Mijares, H.;;
Marize, D.;Marize, D.;;
Luis, E.;Luis, E.;;
Subero, J.;Subero, J.;;
Alvarado, A.;Alvarado, A.;;
Baldizán, O.;Baldizán, O.;;
Gruber, A.;Gruber, A.;;
Arguello, E.;Arguello, E.;;
Silva, R.;Silva, R.;;
Perez, O.;Perez, O.;;
Cataldo, G.;Cataldo, G.;;
Di Bartolo, F.;Di Bartolo, F.;;
Du, L.;Du, L.;;
Restrepo, J.A.;Restrepo, J.A.;;
Yang, Y.;Yang, Y.;;
Harley, R.G.;Harley, R.G.;;
Habetler, T.G.;Habetler, T.G.;;
Parra, G.;Parra, G.;;
Guerrero, J.;Guerrero, J.;;
Ochoa, G.;Ochoa, G.;;
Villasana, M.;Villasana, M.;;
Fairén, M.;Fairén, M.;;
Navazo, I.;Navazo, I.;;
Hurtado, N.;Hurtado, N.;;
Costanzo-Âlvarez, V.;Costanzo-Âlvarez, V.;;
López-Rodríguez, D.;López-Rodríguez, D.;;
Aldana, M.;Aldana, M.;;
Bayona, G.;Bayona, G.;;
Arteaga-Arispe, J.;Arteaga-Arispe, J.;;
Guevara-Jordan, J.M.;Guevara-Jordan, J.M.;;
Shokrani, A.;Shokrani, A.;;
Dhokia, V.;Dhokia, V.;;
Muñoz-Escalona, P.;Muñoz-Escalona, P.;;
Newman, S.T.;Newman, S.T.;;
De Abreu, D.;De Abreu, D.;;
Sánchez, J.;Sánchez, J.;;
Queipo, J.;Queipo, J.;;
Cabrera, M.E.;Cabrera, M.E.;;
Ralev, D.;Ralev, D.;;
Baranya, A.;Baranya, A.;;
Hernández, M.;Hernández, M.;;
Dassy, C.;Dassy, C.;;
Polanco, G.;Polanco, G.;;
Xu, Y.;Xu, Y.;;
Mustafa, M.;Mustafa, M.;;
Kloos, C.D.;Kloos, C.D.;;
Castillo, C.;Castillo, C.;;
Fernández, G.;Fernández, G.;;
Chinea, A.M.;Chinea, A.M.;;
Passariello, G.;Passariello, G.;;
Torrealba S.;Torrealba S.;;
M.;M.;;
Morales P.;Morales P.;;
Meza S.;Meza S.;;
Mijares, M.;Mijares, M.;;
Pérez, M.A.;Pérez, M.A.;;
Benítez, E.;Benítez, E.;;
Blanco, N.;Blanco, N.;;
Gimón, G.;Gimón, G.;;
Moreau, S.;Moreau, S.;;
Mundo, A.;Mundo, A.;;
Arcia, A.;Arcia, A.;;
Bianchini, A.;Bianchini, A.;;
Suárez, A.;Suárez, A.;;
Pérez, C.A.D.;Pérez, C.A.D.;;
Nuñez, J.;Nuñez, J.;;
Urdaneta, N.;Urdaneta, N.;;
Alamo, D.;Alamo, D.;;
Moreno, I.;Moreno, I.;;
Ojeda, C.;Ojeda, C.;;
Noris-Suarez, K.;Noris-Suarez, K.;;
Benik, J.;Benik, J.;;
Calbimonte, J.-P.;Calbimonte, J.-P.;;
Figueira, C.;Figueira, C.;;
Silva, F.;Silva, F.;;
Sandoval, Y.;Sandoval, Y.;;
Gallizo, G.;Gallizo, G.;;
Martinez, D.R.;Martinez, D.R.;;
León Luna, C.;León Luna, C.;;
Ng, F.;Ng, F.;;
Viloria, A.;Viloria, A.;;
Pineda, M.C.;Pineda, M.C.;;
Viloria, J.;Viloria, J.;;
Labrador, Y.;Labrador, Y.;;
Salazar, M.C.;Salazar, M.C.;;
Albornoz, J.M.;Albornoz, J.M.;;
Manzanares, C.E.;Manzanares, C.E.;;
Hernández, A.J.;Hernández, A.J.;;
Corredor Rosendo, A.C.;Corredor Rosendo, A.C.;;
Agouri, S.A.;Agouri, S.A.;;
Tokhi, M.O.;Tokhi, M.O.;;
Goher, K.M.;Goher, K.M.;;
Escalona, O.;Escalona, O.;;
Castro, N.;Castro, N.;;
Castro, F.;Castro, F.;;
Vidal, L.;Vidal, L.;;
Jiménez, C.;Jiménez, C.;;
Cruz, R.;Cruz, R.;;
Gutman, I.;Gutman, I.;;
Rada, J.;Rada, J.;;
Ortiz, J.A.R.;Ortiz, J.A.R.;;
Rojas-Solorzano, L.;Rojas-Solorzano, L.;;
Derjani-Bayeh, S.;Derjani-Bayeh, S.;;
Kervio, G.;Kervio, G.;;
Carre, F.;Carre, F.;;
Beuchee, A.;Beuchee, A.;;
Hernandez, A.I.;Hernandez, A.I.;;
Fernández, K.;Fernández, K.;;
Costa-Montenegro, E.;Costa-Montenegro, E.;;
Asorey-Cacheda, R.;Asorey-Cacheda, R.;;
González-Castaño, F.J.;González-Castaño, F.J.;;
Fernandez, K.;Fernandez, K.;;
Regalado, A.;Regalado, A.;;
Abad-Mota, S.;Abad-Mota, S.;;
Mendoza-Morales, L.E.;Mendoza-Morales, L.E.;;
Sánchez-Montero, J.-A.;Sánchez-Montero, J.-A.;;
Melgar-Estrada, L.;Melgar-Estrada, L.;;
De-Stefano-Convit, G.;De-Stefano-Convit, G.;;
Salinas, C.;Salinas, C.;;
Montes, H.;Montes, H.;;
Gonzalez De Santos, P.;Gonzalez De Santos, P.;;
Armada, M.;Armada, M.;;
Martínez, I.;Martínez, I.;;
Escuela, G.;Escuela, G.;;
Sardá, F.;Sardá, F.;;
Campos, J.G.;Campos, J.G.;;
Hernández, E.;Hernández, E.;;
Blanco, E.;Blanco, E.;;
Fermín, L.;Fermín, L.;;
García, R.I.;García, R.I.;;
Huerta, M.K.;Huerta, M.K.;;
De Andrade, M.;De Andrade, M.;;
Manzanilla-Salazar, O.;Manzanilla-Salazar, O.;;
Lacroix, Z.;Lacroix, Z.;;
Amann, B.;Amann, B.;;
Berti-Equille, L.;Berti-Equille, L.;;
Contreras, L.;Contreras, L.;;
Borges Peña, A.M.;Borges Peña, A.M.;;
Acũna, R.;Acũna, R.;;
Ferḿin-Léon, L.;Ferḿin-Léon, L.;;
Ferńandez-Ĺopez, G.;Ferńandez-Ĺopez, G.;;
Certadh, N.;Certadh, N.;;
Fermín-León, L.;Fermín-León, L.;;
Bogado, J.M.;Bogado, J.M.;;
Fermin, L.;Fermin, L.;;
Landaeta, L.;Landaeta, L.;;
Anderson, P.;Anderson, P.;;
Vidal, M.E.;Vidal, M.E.;;
Caputo, C.;Caputo, C.;;
Requena, J.;Requena, J.;;
Vargas, D.;Vargas, D.;;
Guillen, B.;Guillen, B.;;
Paredes, J.L.;Paredes, J.L.;;
Medina, R.;Medina, R.;;
González, A.;González, A.;;
De Prada, C.;De Prada, C.;;
Villegas, T.;Villegas, T.;;
Sarabia, D.;Sarabia, D.;;
Ayadi, N.Y.;Ayadi, N.Y.;;
Charrad, M.;Charrad, M.;;
Ahmed, M.B.;Ahmed, M.B.;;
Amdouni, S.;Amdouni, S.;;
Dieste, O.;Dieste, O.;;
Grimánk, A.;Grimánk, A.;;
Juristo, N.;Juristo, N.;;
Saxena, H.;Saxena, H.;;
Bergna, G.;Bergna, G.;;
Boyra, M.;Boyra, M.;;
Vivas, J.H.;Vivas, J.H.;;
Villegas, G.;Villegas, G.;;
Navarro, C.;Navarro, C.;;
Da Silva, C.;Da Silva, C.;;
Escalante, R.;Escalante, R.;;
Lampo, T.;Lampo, T.;;
Danilow, J.;Danilow, J.;;
Castillo, J.;Castillo, J.;;
Li, J.;Li, J.;;
Bárdossy, A.;Bárdossy, A.;;
Guenni, L.;Guenni, L.;;
Liu, M.;Liu, M.;;
Hernández-Ramos, L.M.;Hernández-Ramos, L.M.;;
Torre, M.;Torre, M.;;
Blasio, C.D.;Blasio, C.D.;;
Carletti, C.;Carletti, C.;;
Järvinen, L.;Järvinen, L.;;
Westerlund, T.;Westerlund, T.;;
Sordo, M.A.;Sordo, M.A.;;
Martínez, Z.;Martínez, Z.;;
Ludeña, C.;Ludeña, C.;;
Gonzalez-Lima, M.D.;Gonzalez-Lima, M.D.;;
Hager, W.W.;Hager, W.W.;;
Zhang, H.;Zhang, H.;;
Pérez-D'arpino, C.;Pérez-D'arpino, C.;;
Vigouroux, D.;Vigouroux, D.;;
Medina-Meléndez, W.;Medina-Meléndez, W.;;
Leal, B.;Leal, B.;;
Atzori, L.;Atzori, L.;;
Colmenares, G.;Colmenares, G.;;
Sans, J.F.;Sans, J.F.;;
Surós, R.;Surós, R.;;
Díaz, C.A.P.;Díaz, C.A.P.;;
Curiel, M.J.H.;Curiel, M.J.H.;;
Heuer, G.J.R.;Heuer, G.J.R.;;
Ortega, M.;Ortega, M.;;
Sumoza, R.;Sumoza, R.;;
Castro, J.A.;Castro, J.A.;;
MendozaMorales, L.E.;MendozaMorales, L.E.;;
Capel Tuñón, M.I.;Capel Tuñón, M.I.;;
Mendt, T.;Mendt, T.;;
Sinz, C.;Sinz, C.;;
Tveretina, O.;Tveretina, O.;;
Abdulla, H.;Abdulla, H.;;
Elbahja, H.;Elbahja, H.;;
Rivas, L.;Rivas, L.;;
Tovar, E.;Tovar, E.;;
Pérez, M.;Pérez, M.;;
De Oliveira, C.;De Oliveira, C.;;
Tuñón, M.I.C.;Tuñón, M.I.C.;;
Perera, G.;Perera, G.;;
Izquierdo, D.;Izquierdo, D.;;
Grimán Padua, A.;Grimán Padua, A.;;
Corniel, M.;Corniel, M.;;
Gil, F.;Gil, F.;;
Molero, J.;Molero, J.;;
Borges, A.M.;Borges, A.M.;;
Molero, A.;Molero, A.;;
Franco, M.;Franco, M.;;
Gorrin, C.;Gorrin, C.;;
Sanchez, G.A.;Sanchez, G.A.;;
González O, C.;González O, C.;;
Rashid, L.;Rashid, L.;;
Ibáñez, L.;Ibáñez, L.;;
Rodríguez, H.;Rodríguez, H.;;
Fuente, M.J.;Fuente, M.J.;;
Rodríguez, M.;Rodríguez, M.;;
Viva, T.;Viva, T.;;
Gil, R.;Gil, R.;;
Martín-Bautista, M.J.;Martín-Bautista, M.J.;;
Reina, M.E.;Reina, M.E.;;
Velasquez, J.J.;Velasquez, J.J.;;
Waterman, N.;Waterman, N.;;
Chirwa, L.;Chirwa, L.;;
Anderson, J.;Anderson, J.;;
González G.;González G.;;
R.H.;R.H.;;
Loureiro, A.A.F.;Loureiro, A.A.F.;;
Mini, R.A.F.;Mini, R.A.F.;;
De Santos, P.G.;De Santos, P.G.;;
Alves, R.;Alves, R.;;
Ruella, C.;Ruella, C.;;
Martínez, A.;Martínez, A.;;
Nakahira, K.T.;Nakahira, K.T.;;
Rodrigo, N.R.;Rodrigo, N.R.;;
Taguchi, R.;Taguchi, R.;;
Kanematsu, H.;Kanematsu, H.;;
Fukumural, Y.;Fukumural, Y.;;
Diaz, J.;Diaz, J.;;
Glover, B.;Glover, B.;;
Rodabaugh, S.;Rodabaugh, S.;;
Aguilar, S.;Aguilar, S.;;
Silva Bustillos, R.;Silva Bustillos, R.;;
Alexopoulos, C.;Alexopoulos, C.;;
Antonini, C.;Antonini, C.;;
Goldsman, D.;Goldsman, D.;;
Meterelliyoz, M.;Meterelliyoz, M.;;
Arismendi, G.;Arismendi, G.;;
Zozaya, A.J.;Zozaya, A.J.;;
Valentini, G.;Valentini, G.;;
Abbas, C.J.B.;Abbas, C.J.B.;;
Villalba, L.J.G.;Villalba, L.J.G.;;
Astorga, L.;Astorga, L.;;
Pérez-D'Arpino, C.;Pérez-D'Arpino, C.;;
Romero M, B.D.;Romero M, B.D.;;
Yacoubi Ayadi, N.;Yacoubi Ayadi, N.;;
Diasparra, M.;Diasparra, M.;;
Romera, R.;Romera, R.;;
Pires, L.;Pires, L.;;
Márquez, N.;Márquez, N.;;
Rivera, J.C.;Rivera, J.C.;;
Sierra, J.;Sierra, J.;;
Polleres, A.;Polleres, A.;;
Maropoulos, P.;Maropoulos, P.;;
Martin, H.;Martin, H.;;
Syntetos, A.A.;Syntetos, A.A.;;
Parodi, A.;Parodi, A.;;
Polychronakis, Y.E.;Polychronakis, Y.E.;;
Pintelon, L.;Pintelon, L.;;
Lara, A.;Lara, A.;;
Coello, C.A.C.;Coello, C.A.C.;;
Schütze, O.;Schütze, O.;;
Zaballa, L.;Zaballa, L.;;
Amato, C.;Amato, C.;;
Zilberstein, S.;Zilberstein, S.;;
Hoffmann, J.;Hoffmann, J.;;
Fatès, N.;Fatès, N.;;
Palacios, H.;Palacios, H.;;
Fernández, R.;Fernández, R.;;
Sarriá, J.;Sarriá, J.;;
Solaeche, P.;Solaeche, P.;;
Albore, A.;Albore, A.;;
Incerti, S.;Incerti, S.;;
Baldacchino, G.;Baldacchino, G.;;
Bernal, M.;Bernal, M.;;
Villagrasa, C.;Villagrasa, C.;;
Zacharatou, C.;Zacharatou, C.;;
Arráiz, E.;Arráiz, E.;;
Olivo, O.;Olivo, O.;;
Marcano, D.;Marcano, D.;;
Díaz, M.A.;Díaz, M.A.;;
Alvarado, J.M.;Alvarado, J.M.;;
Alvarado, E.V.;Alvarado, E.V.;;
Arévalo, M.A.;Arévalo, M.A.;;
Gomez, J.F.;Gomez, J.F.;;
De Oliveira-De Jesus, P.M.;De Oliveira-De Jesus, P.M.;;
Brunil, D.;Brunil, D.;;
Romero, M.;Romero, M.;;
Jorge, E.;Jorge, E.;;
Alvarez, R.;Alvarez, R.;;
Mendoza, L.;Mendoza, L.;;
Srefezza, M.;Srefezza, M.;;
Vazquez, M.;Vazquez, M.;;
Reyes, O.;Reyes, O.;;
Sánchez, G.;Sánchez, G.;;
Reyes, M.A.;Reyes, M.A.;;
Ramírez, Y.;Ramírez, Y.;;
Molina, J.;Molina, J.;;
De Ramos, A.L.L.;De Ramos, A.L.L.;;
Subero, A.;Subero, A.;;
González, C.;González, C.;;
Urrutia, A.;Urrutia, A.;;
Aguilar, J.;Aguilar, J.;;
Sumoza Matos, R.;Sumoza Matos, R.;;
Garcia-Alvarez, D.;Garcia-Alvarez, D.;;
Sainz-Palmero, G.I.;Sainz-Palmero, G.I.;;
Gutiérrez, G.;Gutiérrez, G.;;
Boltenhagen, P.;Boltenhagen, P.;;
Lanuza, J.;Lanuza, J.;;
Clément, E.;Clément, E.;;
Hernández-Millan, R.;Hernández-Millan, R.;;
Pacheco-Pimentel, J.R.;Pacheco-Pimentel, J.R.;;
Salinas, J.;Salinas, J.;;
Sánchez, I.;Sánchez, I.;;
Paredes, R.;Paredes, R.;;
Lobb, C.J.;Lobb, C.J.;;
Jose, A.;Jose, A.;;
Rodolfo, S.;Rodolfo, S.;;
Legendre, C.R.L.;Legendre, C.R.L.;;
García, J.M.;García, J.M.;;
García, F.;García, F.;;
Varadarajan, R.;Varadarajan, R.;;
Hristidis, V.;Hristidis, V.;;
Rodríguez-Drumond, H.;Rodríguez-Drumond, H.;;
Fernandez, M.;Fernandez, M.;;
Streja, D.;Streja, D.;;
Oliveira, J.D.;Oliveira, J.D.;;
Borges, R.H.;Borges, R.H.;;
González, R.;González, R.;;
Rangel, R.;Rangel, R.;;
Rojas, S.;Rojas, S.;;
Waluyan, L.;Waluyan, L.;;
Sasipan, S.;Sasipan, S.;;
Noguera, S.;Noguera, S.;;
Asai, T.;Asai, T.;;
Benghazi, K.;Benghazi, K.;;
Alvarez, H.;Alvarez, H.;;
Torres, J.;Torres, J.;;
Bravo, A.;Bravo, A.;;
Garreau, M.;Garreau, M.;;
Tovar, E.L.;Tovar, E.L.;;
Griḿan, A.;Griḿan, A.;;
Franco, M.A.;Franco, M.A.;;
Gorrín, C.;Gorrín, C.;;
Schuetze, O.;Schuetze, O.;;
Coello Coello, C.A.;Coello Coello, C.A.;;
Soza, A.R.M.;Soza, A.R.M.;;
Garrido, L.C.T.;Garrido, L.C.T.;;
Landaeta, M.;Landaeta, M.;;
Raffoul, E.;Raffoul, E.;;
Diaz, M.;Diaz, M.;;
Vivas, T.;Vivas, T.;;
Di Paula, G.;Di Paula, G.;;
Parada, D.;Parada, D.;;
Velázquez, L.;Velázquez, L.;;
Capel-Tũón, M.I.;Capel-Tũón, M.I.;;
Benghazi-Akhlaki, K.;Benghazi-Akhlaki, K.;;
Galindo, J.;Galindo, J.;;
Pacheco, F.;Pacheco, F.;;
Vasquez, H.;Vasquez, H.;;
Bansard, J.Y.;Bansard, J.Y.;;
Barenco Abbas, C.J.;Barenco Abbas, C.J.;;
Cárdenas, N.;Cárdenas, N.;;
Lobalsamo, G.;Lobalsamo, G.;;
Davila, N.;Davila, N.;;
Gomis, P.;Gomis, P.;;
Ansermino, J.M.;Ansermino, J.M.;;
Armada, M.A.;Armada, M.A.;;
Akinfiev, T.;Akinfiev, T.;;
Fernandez, R.;Fernandez, R.;;
Hickmott, S.;Hickmott, S.;;
Gonzalez, C.;Gonzalez, C.;;
Glover, B.M.;Glover, B.M.;;
Rivera Farina, P.V.;Rivera Farina, P.V.;;
Laguna, P.;Laguna, P.;;
Martínez, J.P.;Martínez, J.P.;;
Herreros López, A.;Herreros López, A.;;
Ahklaki, K.B.;Ahklaki, K.B.;;
Báez, W.;Báez, W.;;
Barroso, R.;Barroso, R.;;
Drayer, G.;Drayer, G.;;
Burguillo-Rial, J.C.;Burguillo-Rial, J.C.;;
Fernández, A.;Fernández, A.;;
Ortiz, J.;Ortiz, J.;;
Kaplan, S.G.;Kaplan, S.G.;;
Iglesias, E.J.;Iglesias, E.J.;;
Hanssen, L.M.;Hanssen, L.M.;;
Hesselbach, X.;Hesselbach, X.;;
Walter, J.;Walter, J.;;
Ceglia, G.;Ceglia, G.;;
Guzmán, V.;Guzmán, V.;;
Graterol, J.;Graterol, J.;;
Alfonzo, O.;Alfonzo, O.;;
Viola, J.C.;Viola, J.C.;;
Pujol, L.;Pujol, L.;;
Martínez, G.;Martínez, G.;;
Graciano, C.;Graciano, C.;;
Pelliccioni, O.;Pelliccioni, O.;;
Cerrolaza, M.;Cerrolaza, M.;;
Lucas, A.;Lucas, A.;;
Göksu, C.;Göksu, C.;;
Haigron, P.;Haigron, P.;;
Urbano, L.;Urbano, L.;;
Titaeva, I.;Titaeva, I.;;
Moline, G.;Moline, G.;;
Delgado, J.;Delgado, J.;;
Díaz-Antón, G.;Díaz-Antón, G.;;
Tahhan, E.;Tahhan, E.;;
González, D.;González, D.;;
Mendez, E.;Mendez, E.;;
Gómez, C.;Gómez, C.;;
Ojeda, D.;Ojeda, D.;;
Zamora, E.A.;Zamora, E.A.;;
Brando, C.;Brando, C.;;
González, V.;González, V.;;
De Oliveira, J.;De Oliveira, J.;;
González-Lima, M.D.;González-Lima, M.D.;;
Vidal, A.;Vidal, A.;;
Rivas, L.A.;Rivas, L.A.;;
Morales, A.A.M.;Morales, A.A.M.;;
Serodio, M.E.V.;Serodio, M.E.V.;;
Akhlaki, K.B.;Akhlaki, K.B.;;
Padau, A.G.;Padau, A.G.;;
Thielen, D.R.;Thielen, D.R.;;
San José, J.J.;San José, J.J.;;
Lairet, R.;Lairet, R.;;
Montes, R.A.;Montes, R.A.;;
Terriza, J.A.H.;Terriza, J.A.H.;;
Díaz, M.;Díaz, M.;;
Esteller, R.;Esteller, R.;;
Martínez, R.I.;Martínez, R.I.;;
Prat, J.;Prat, J.;;
Lázaro, J.A.;Lázaro, J.A.;;
Polo, V.;Polo, V.;;
Burke, E.K.;Burke, E.K.;;
Edelkamp, S.;Edelkamp, S.;;
Jabbar, S.;Jabbar, S.;;
Mirisola, R.;Mirisola, R.;;
Cedrés, D.B.;Cedrés, D.B.;;
Cores, D.;Cores, D.;;
Loreto, M.C.;Loreto, M.C.;;
Rincón, G.;Rincón, G.;;
Cremades, L.;Cremades, L.;;
Ehrmann, U.;Ehrmann, U.;;
Peña, A.;Peña, A.;;
Wilson, J.R.;Wilson, J.R.;;
Fabregat, R.;Fabregat, R.;;
Levy-Carciente, S.;Levy-Carciente, S.;;
Palm, T.;Palm, T.;;
de la Fé López, M.;de la Fé López, M.;;
Alfonzo, A.;Alfonzo, A.;;
Cruz, J.;Cruz, J.;;
Ravelo, O.;Ravelo, O.;;
Clotet Martinez, R.;Clotet Martinez, R.;;
Losavio, F.;Losavio, F.;;
Ortega, D.;Ortega, D.;;
Parra, R.;Parra, R.;;
De Moraes Rudorff, F.;De Moraes Rudorff, F.;;
Frouin, R.J.;Frouin, R.J.;;
Kampel, M.;Kampel, M.;;
Ayala, R.;Ayala, R.;;
Cerdeira, S.;Cerdeira, S.;;
Botea, A.;Botea, A.;;
Koenig, S.;Koenig, S.;;
Murphy, R.R.;Murphy, R.R.;;
Ferre, M.;Ferre, M.;;
Barrio, J.;Barrio, J.;;
Melchiorri, C.;Melchiorri, C.;;
Castedo, P.L.;Castedo, P.L.;;
Ibarra, J.M.;Ibarra, J.M.;;
Marius, A.;Marius, A.;;
Alonso, A.;Alonso, A.;;
Gimón, R.;Gimón, R.;;
Benghazi Akhlaki, K.;Benghazi Akhlaki, K.;;
Holgado Terriza, J.A.;Holgado Terriza, J.A.;;
Mendoza Morales, L.E.;Mendoza Morales, L.E.;;
Estévez, P.;Estévez, P.;;
Hernández, J.G.;Hernández, J.G.;;
Quintero, M.;Quintero, M.;;
Sequera, W.;Sequera, W.;;
Harley, R.;Harley, R.;;
Habetler, T.;Habetler, T.;;
López, V.;López, V.;;
Barcenas, D.;Barcenas, D.;;
Leiva, H.;Leiva, H.;;
Quintana, Y.;Quintana, Y.;;
Urbina, W.;Urbina, W.;;
Adgey, J.A.;Adgey, J.A.;;
Chávez, L.;Chávez, L.;;
Ghiotto, P.;Ghiotto, P.;;
Alvarez, G.;Alvarez, G.;;
Flores, L.;Flores, L.;;
Pinto, J.;Pinto, J.;;
Kräuter, M.;Kräuter, M.;;
Domínguez, K.P.;Domínguez, K.P.;;
Grieco, J.;Grieco, J.;;
Zambrano, A.R.;Zambrano, A.R.;;
Garrido, J.;Garrido, J.;;
Rodriguez, M.;Rodriguez, M.;;
Tahhánn, M.;Tahhánn, M.;;
Sánchez, R.;Sánchez, R.;;
Garcia-Gomez, J.;Garcia-Gomez, J.;;
Rimaux, S.;Rimaux, S.;;
Delgado, M.;Delgado, M.;;
Poreé, F.;Poreé, F.;;
Hernández, A.;Hernández, A.;;
Díaz R.;Díaz R.;;
J.D.;J.D.;;
Lucani, D.;Lucani, D.;;
Wagner, G.;Wagner, G.;;
Wu, Y.;Wu, Y.;;
Lee, W.-J.;Lee, W.-J.;;
Srinivasan, P.;Srinivasan, P.;;
Sehgal, A.K.;Sehgal, A.K.;;
Aráoz, J.;Aráoz, J.;;
Fernández, E.;Fernández, E.;;
Henry, M.;Henry, M.;;
Tombs, M.;Tombs, M.;;
Duta, M.;Duta, M.;;
Garcia, C.;Garcia, C.;;
Langansan, R.;Langansan, R.;;
Arvelo, Y.;Arvelo, Y.;;
Gorayeb, M.;Gorayeb, M.;;
Ruette, F.;Ruette, F.;;
Sánchez, M.;Sánchez, M.;;
Sierraalta, A.;Sierraalta, A.;;
Rikvold, P.A.;Rikvold, P.A.;;
Kolesik, M.;Kolesik, M.;;
Lugo, H.;Lugo, H.;;
Jiménez, R.;Jiménez, R.;;
Krasnogor, N.;Krasnogor, N.;;
Terrazas, G.;Terrazas, G.;;
Pelta, D.A.;Pelta, D.A.;;
Pichardo-Almarza, C.;Pichardo-Almarza, C.;;
Rahmani, A.;Rahmani, A.;;
Dauphin-Tanguy, G.;Dauphin-Tanguy, G.;;
Muci, J.;Muci, J.;;
Garcia-Palomares, U.M.;Garcia-Palomares, U.M.;;
Gonzalez-Castaño, F.J.;Gonzalez-Castaño, F.J.;;
De Bueno, M.D.L.A.;De Bueno, M.D.L.A.;;
Colmenares, L.E.;Colmenares, L.E.;;
Hoyo, A.;Hoyo, A.;;
Cuenca, J.A.P.;Cuenca, J.A.P.;;
Polanco, N.R.G.;Polanco, N.R.G.;;
Lopez, M.M.R.;Lopez, M.M.R.;;
Coello, A.S.C.;Coello, A.S.C.;;
de Oliveira, J.;de Oliveira, J.;;
Távara, D.A.;Távara, D.A.;;
Meier, A.;Meier, A.;;
Bolanos, J.M.;Bolanos, J.M.;;
Meléndez, W.M.;Meléndez, W.M.;;
Estevez, P.;Estevez, P.;;
Medina, W.;Medina, W.;;
Candal, M.V.;Candal, M.V.;;
Morales, R.A.;Morales, R.A.;;
Ćardenas, M.;Ćardenas, M.;;
Araújo, F.C.M.;Araújo, F.C.M.;;
García Villalba, L.J.;García Villalba, L.J.;;
Puttini, R.;Puttini, R.;;
Hanashiro, M.;Hanashiro, M.;;
Miziara, F.;Miziara, F.;;
Javier García-Villalba, L.;Javier García-Villalba, L.;;
Barenco, C.J.;Barenco, C.J.;;
Kolovski, V.;Kolovski, V.;;
Parsia, B.;Parsia, B.;;
Cuenca, B.;Cuenca, B.;;
Amvame-Nze, G.;Amvame-Nze, G.;;
Eckman, B.A.;Eckman, B.A.;;
Gaasterland, T.;Gaasterland, T.;;
Snyder, B.;Snyder, B.;;
Cohen-Boulakia, S.;Cohen-Boulakia, S.;;
Davidson, S.;Davidson, S.;;
Froidevaux, C.;Froidevaux, C.;;
Dogliotti, A.I.;Dogliotti, A.I.;;
Ulloa, O.;Ulloa, O.;;
Müller-Karger, F.;Müller-Karger, F.;;
Sathyendranath, S.;Sathyendranath, S.;;
Platt, T.;Platt, T.;;
Da Costa, G.;Da Costa, G.;;
Valdosera, L.;Valdosera, L.;;
Giménez, M.I.;Giménez, M.I.;;
Mosqueda, F.;Mosqueda, F.;;
Parra, J.E.;Parra, J.E.;;
Costa, G.D.;Costa, G.D.;;
Jorge, L.;Jorge, L.;;
Miguel, S.;Miguel, S.;;
Marcel, O.;Marcel, O.;;
David, C.B.;David, C.B.;;
Emilio, H.;Emilio, H.;;
Carré, F.;Carré, F.;;
Moreno, J.A.;Moreno, J.A.;;
Udrea, Q.;Udrea, Q.;;
Deng, Y.;Deng, Y.;;
Subrahmanian, V.S.;Subrahmanian, V.S.;;
Medina, E.;Medina, E.;;
Marcano, A.;Marcano, A.;;
Salazar, M.;Salazar, M.;;
Quintero, F.;Quintero, F.;;
Carmen, A.;Carmen, A.;;
Gladys, R.;Gladys, R.;;
Blanco, B.;Blanco, B.;;
Da Silva, J.M.A.;Da Silva, J.M.A.;;
Garrán, P.A.T.;Garrán, P.A.T.;;
Suárez, J.J.F.;Suárez, J.J.F.;;
Padilla, J.;Padilla, J.;;
Paradells, J.;Paradells, J.;;
Turner, C.;Turner, C.;;
Adgey, A.A.J.;Adgey, A.A.J.;;
Parekh, K.;Parekh, K.;;
Cardenas, M.;Cardenas, M.;;
Marquez, N.;Marquez, N.;;
Tailleur, R.G.;Tailleur, R.G.;;
Mädler-Kron, C.;Mädler-Kron, C.;;
Rodriguez, R.;Rodriguez, R.;;
Goncolves, M.;Goncolves, M.;;
Hamidoune, Y.O.;Hamidoune, Y.O.;;
Quiroz, D.;Quiroz, D.;;
Huang, X.C.;Huang, X.C.;;
Martínez-Veracoechea, F.;Martínez-Veracoechea, F.;;
Muller, E.A.;Muller, E.A.;;
Meza, O.;Meza, O.;;
Rincon, G.;Rincon, G.;;
Alvarez, M.;Alvarez, M.;;
Hernandez, S.;Hernandez, S.;;
Salazar, A.J.;Salazar, A.J.;;
De Castro, O.C.;De Castro, O.C.;;
Bravo, R.J.;Bravo, R.J.;;
Pineda, P.A.;Pineda, P.A.;;
Lugo, I.;Lugo, I.;;
Di Lorenzo, M.;Di Lorenzo, M.;;
Villarroel, J.;Villarroel, J.;;
Martinez, L.A.;Martinez, L.A.;;
Cusati, T.;Cusati, T.;;
Mestre, J.;Mestre, J.;;
Pérez L, O.;Pérez L, O.;;
Vega C, P.;Vega C, P.;;
Colmenares M, W.R.;Colmenares M, W.R.;;
Francisco S, M.;Francisco S, M.;;
de Prada, C.;de Prada, C.;;
Cristea, S.;Cristea, S.;;
Berrizbeitia, P.;Berrizbeitia, P.;;
Müller, S.;Müller, S.;;
Williams, H.C.;Williams, H.C.;;
Calatroni, J.E.;Calatroni, J.E.;;
Sandoz, P.;Sandoz, P.;;
Tribillon, G.M.;Tribillon, G.M.;;
Perrin, H.;Perrin, H.;;
Castejón, H.;Castejón, H.;;
Arratia, A.;Arratia, A.;;
Ortiz, C.E.;Ortiz, C.E.;;
Napoli, A.;Napoli, A.;;
Messina, A.;Messina, A.;;
Morris, T.;Morris, T.;;
Rosales, R.A.;Rosales, R.A.;;
Klein, D.J.;Klein, D.J.;;
Randić, M.;Randić, M.;;
Trinajstić, N.;Trinajstić, N.;;
Bleiholder, J.;Bleiholder, J.;;
Naumann, F.;Naumann, F.;;
Murthy, H.;Murthy, H.;;
Müller-Karger, C.M.;Müller-Karger, C.M.;;
Rank, E.;Rank, E.;;
Martín, M.;Martín, M.;;
Meyer, R.R.;Meyer, R.R.;;
Troya, J.M.;Troya, J.M.;;
Arenas, F.;Arenas, F.;;
Rondón, C.;Rondón, C.;;
Sepúlveda, R.;Sepúlveda, R.;;
De Arenas, I.B.;De Arenas, I.B.;;
Gil, O.;Gil, O.;;
Castro, M.A.;Castro, M.A.;;
Castillo, C.D.;Castillo, C.D.;;
Solano, J.;Solano, J.;;
De Ovalles, M.P.;De Ovalles, M.P.;;
Rojas, T.;Rojas, T.;;
Padua, A.G.;Padua, A.G.;;
Morales, L.M.;Morales, L.M.;;
Viloria, N.;Viloria, N.;;
Bravo, R.;Bravo, R.;;
Bueno, A.;Bueno, A.;;
Robles, M.;Robles, M.;;
Rojas, R.A.;Rojas, R.A.;;
Anciano, J.-L.;Anciano, J.-L.;;
Puigjaner, R.;Puigjaner, R.;;
Roche, R.;Roche, R.;;
Rocaries, F.;Rocaries, F.;;
Hamam, Y.;Hamam, Y.;;
Lurgi, M.;Lurgi, M.;;
Rodríguez, J.F.;Rodríguez, J.F.;;
Thomas, J.P.;Thomas, J.P.;;
Renaud, J.E.;Renaud, J.E.;;
Vidai, M.-E.;Vidai, M.-E.;;
Evans, L.;Evans, L.;;
Gomory, R.E.;Gomory, R.E.;;
Johnson, E.L.;Johnson, E.L.;;
Garfinkel, R.;Garfinkel, R.;;
Arratia, A.A.;Arratia, A.A.;;
Stewart, I.A.;Stewart, I.A.;;
Szwarcfiter, J.L.;Szwarcfiter, J.L.;;
Navarro, G.;Navarro, G.;;
Baeza-Yates, R.;Baeza-Yates, R.;;
Cunto, W.;Cunto, W.;;
Ziviani, N.;Ziviani, N.;;
Cardona, E.;Cardona, E.;;
Oronel-Colmenares, C.;Oronel-Colmenares, C.;;
Aguilera, M.E.;Aguilera, M.E.;;
González-Mendizabal, D.;González-Mendizabal, D.;;
Odremán, M.;Odremán, M.;;
Tena Ayuso, J.;Tena Ayuso, J.;;
Müller, E.A.;Müller, E.A.;;
Rodríguez-Ponce, I.;Rodríguez-Ponce, I.;;
Oualid, A.;Oualid, A.;;
Romero-Enrique, J.M.;Romero-Enrique, J.M.;;
Rull, L.F.;Rull, L.F.;;
Litt, B.;Litt, B.;;
D'Alessandro, A.;D'Alessandro, A.;;
Echauz, J.;Echauz, J.;;
Vachtsevanos, G.;Vachtsevanos, G.;;
Colina, C.M.;Colina, C.M.;;
Olivera-Fuentes, C.G.;Olivera-Fuentes, C.G.;;
Siperstein, F.R.;Siperstein, F.R.;;
Lísal, M.;Lísal, M.;;
Gubbins, K.E.;Gubbins, K.E.;;
Di Serio, A.;Di Serio, A.;;
Ibánez, M.B.;Ibánez, M.B.;;
Castillo, E.;Castillo, E.;;
Daneshrad, B.;Daneshrad, B.;;
Gao, X.F.;Gao, X.F.;;
Bernier, J.;Bernier, J.;;
Croft, G.;Croft, G.;;
Ahrens, J.;Ahrens, J.;;
Bai, X.;Bai, X.;;
Barwick, S.W.;Barwick, S.W.;;
Yodh, G.;Yodh, G.;;
Young, S.;Young, S.;;
Zadorozhny, V.;Zadorozhny, V.;;
Urhan, T.;Urhan, T.;;
Bright, L.;Bright, L.;;
Garcia, N.;Garcia, N.;;
Tahhan-Bittar, E.;Tahhan-Bittar, E.;;
Benzaquen, S.;Benzaquen, S.;;
Millan, A.;Millan, A.;;
Pesse, G.;Pesse, G.;;
Guzman, V.;Guzman, V.;;
D'Ambrosio, A.C.;D'Ambrosio, A.C.;;
Garcia Sanchez, F.J.;Garcia Sanchez, F.J.;;
Gimenez, M.I.;Gimenez, M.I.;;
Guzman, V.M.;Guzman, V.M.;;
Osuna, E.;Osuna, E.;;
Salazar, R.;Salazar, R.;;
Finol, J.;Finol, J.;;
Estrada, M.;Estrada, M.;;
Cerdeira, A.;Cerdeira, A.;;
Garcia, F.J.;Garcia, F.J.;;
Iniguez, B.;Iniguez, B.;;
Mora, F.;Mora, F.;;
Bardou, A.;Bardou, A.;;
Mihaila, G.A.;Mihaila, G.A.;;
D'Alessandre, M.;D'Alessandre, M.;;
Vachtseyanos, G.;Vachtseyanos, G.;;
Sewell, D.;Sewell, D.;;
Prado, R.;Prado, R.;;
García, I.;García, I.;;
Maldonado, A.G.;Maldonado, A.G.;;
Ladera, C.L.G.;Ladera, C.L.G.;;
Müller-Karger, C.M., Gonzál.;Müller-Karger, C.M., Gonzál.;;
lez, C., Aliabadi, M.H., Cerrolaza, M.;lez, C., Aliabadi, M.H., Cerrolaza, M.;;
Berry, T.G.;Berry, T.G.;;
Patterson, R.R.;Patterson, R.R.;;
Yong, A.;Yong, A.;;
Pérez, V.M.;Pérez, V.M.;;
Padmanabhan, D.;Padmanabhan, D.;;
Alba-Castro, J.L.;Alba-Castro, J.L.;;
Pousada-Carballo, J.M.;Pousada-Carballo, J.M.;;
García, P.;García, P.;;
Grittani, G.;Grittani, G.;;
Quero, G.;Quero, G.;;
Rosas, M.H.;Rosas, M.H.;;
Flores, F.;Flores, F.;;
Fuentes, J.;Fuentes, J.;;
López de Ramos, A.L.;López de Ramos, A.L.;;
Orejas, F.;Orejas, F.;;
Pino, E.;Pino, E.;;
Lander, P.;Lander, P.;;
Gates, K.;Gates, K.;;
Reyes, M.;Reyes, M.;;
Rincón, J.;Rincón, J.;;
Damia, J.;Damia, J.;;
Sáinz, C.;Sáinz, C.;;
Calatroni, J.;Calatroni, J.;;
Récamier A, J.;Récamier A, J.;;
Urdaneta, I.;Urdaneta, I.;;
Récamier, J.;Récamier, J.;;
D'Alessandro, M.;D'Alessandro, M.;;
D’alessandro, M.;D’alessandro, M.;;
Hinson, A.;Hinson, A.;;
Di Prisco, C.A.;Di Prisco, C.A.;;
Llopis, J.;Llopis, J.;;
Todorcevic, S.;Todorcevic, S.;;
Gallinelli, G.;Gallinelli, G.;;
Vera, M.O.;Vera, M.O.;;
Ayuso, J.T.;Ayuso, J.T.;;
Margaglio, E.;Margaglio, E.;;
Glorennec, P.-Y.;Glorennec, P.-Y.;;
Li, M.;Li, M.;;
McAllister, H.G.;McAllister, H.G.;;
Black, N.D.;Black, N.D.;;
De Perez, T.A.;De Perez, T.A.;;
De Oliveira, V.;De Oliveira, V.;;
Long, D.;Long, D.;;
Kautz, H.;Kautz, H.;;
Selman, B.;Selman, B.;;
Fox, M.;Fox, M.;;
Chang, Carolina.;Chang, Carolina.;;
Benitez, Cesar, Lander, Daniel Kvedaras, Ramirez, Jose.;Benitez, Cesar, Lander, Daniel Kvedaras, Ramirez, Jose.;;
Gener, H.;Gener, H.;;
Rodríguez, L.J.T.;Rodríguez, L.J.T.;;
Heny, C.;Heny, C.;;
Simanca, D.;Simanca, D.;;
Aguilera, A.I.;Aguilera, A.I.;;
Subero, A.R.;Subero, A.R.;;
Tineo, L.J.;Tineo, L.J.;;
Rivas, R.;Rivas, R.;;
Moreno, W.A.;Moreno, W.A.;;
Leffew, J.;Leffew, J.;;
Cardenas, O.;Cardenas, O.;;
Diaz, F.;Diaz, F.;;
Alvarado, V.;Alvarado, V.;;
Barbosa, E.F.;Barbosa, E.F.;;
Windyga, P.;Windyga, P.;;
Savino-Vázquez, N.N.;Savino-Vázquez, N.N.;;
Anciano-Martin, J.L.;Anciano-Martin, J.L.;;
Dumas, S.;Dumas, S.;;
Boudigue, D.;Boudigue, D.;;
Gardarin, G.;Gardarin, G.;;
Uria, M.;Uria, M.;;
Pardo, E.;Pardo, E.;;
Rocco, G.;Rocco, G.;;
Da Costa, German, Cataldo, Jose, Guarga, Rafael, Lezama, Arturo, Mosqueda, Felix.;Da Costa, German, Cataldo, Jose, Guarga, Rafael, Lezama, Arturo, Mosqueda, Felix.;;
Regidor, J.C.;Regidor, J.C.;;
Matteo, A.;Matteo, A.;;
Silva Castro, J.;Silva Castro, J.;;
Suárez, K.;Suárez, K.;;
Caminal, P.;Caminal, P.;;
Delmaire, H.;Delmaire, H.;;
Díaz, J.A.;Díaz, J.A.;;
Ramírez, J.M.;Ramírez, J.M.;;
Propos, G.;Propos, G.;;
Hernandez, A.J.;Hernandez, A.J.;;
Da Costa, German, Cote, Ramon, Guarnieri, Raniero, Lezama, Arturo, Usera, Gabriel.;Da Costa, German, Cote, Ramon, Guarnieri, Raniero, Lezama, Arturo, Usera, Gabriel.;;
Ravelo, J.N.;Ravelo, J.N.;;
Ibàñez, M.B.;Ibàñez, M.B.;;
Arratia-Quesada, A.A.;Arratia-Quesada, A.A.;;
Chauhan, S.R.;Chauhan, S.R.;;
Silva, J.;Silva, J.;;
Hey, T.;Hey, T.;;
Almeida, D.;Almeida, D.;;
Vásquez, C.;Vásquez, C.;;
Mora, F.A.;Mora, F.A.;;
Chela-Flores, J.;Chela-Flores, J.;;
Puentes, J.;Puentes, J.;;
Lebreton, H.;Lebreton, H.;;
Roux, C.;Roux, C.;;
Caripe, W.;Caripe, W.;;
Cybenko, G.;Cybenko, G.;;
Moizumi, K.;Moizumi, K.;;
Gray, R.;Gray, R.;;
McDowell, C.E.;McDowell, C.E.;;
Montague, B.R.;Montague, B.R.;;
Allen, M.R.;Allen, M.R.;;
Baldwin, E.A.;Baldwin, E.A.;;
Montoreand, M.E.;Montoreand, M.E.;;
Ruh, E.R.;Ruh, E.R.;;
Juanatey, M.;Juanatey, M.;;
D'Alvano, F.;D'Alvano, F.;;
Ramirez, J.;Ramirez, J.;;
Gruser, J.;Gruser, J.;;
Martin, J.L.A.;Martin, J.L.A.;;
VÁzquez, N.N.S.;VÁzquez, N.N.S.;;
Corbacho, J.A.;Corbacho, J.A.;;
Tapia, R.A.;Tapia, R.A.;;
Potra, F.A.;Potra, F.A.;;
Campo, A.;Campo, A.;;
Rodríguez, F.;Rodríguez, F.;;
Bonet, Blai, Loerincs, Gabor, Geffner, Hector.;Bonet, Blai, Loerincs, Gabor, Geffner, Hector.;;
Hernandez, A.;Hernandez, A.;;
Herrera, G.;Herrera, G.;;
Hernandez, M.I.;Hernandez, M.I.;;
Schleich, J.M.;Schleich, J.M.;;
Gil, Juan Carlos, Pedraza, Angel, Delgado, Marisol, Sira-Ramirez, Hebertt.;Gil, Juan Carlos, Pedraza, Angel, Delgado, Marisol, Sira-Ramirez, Hebertt.;;
Ziri-Castro, K.I.;Ziri-Castro, K.I.;;
Lopez, J.A.;Lopez, J.A.;;
Mak, M.H.;Mak, M.H.;;
Coray, C.A.;Coray, C.A.;;
Sainz, C.;Sainz, C.;;
Guerrero, A.L.;Guerrero, A.L.;;
Escalona, R.A.;Escalona, R.A.;;
Getov, V.;Getov, V.;;
Bird, R.S.;Bird, R.S.;;
Gzyl, H.;Gzyl, H.;;
Moreno, F.;Moreno, F.;;
Thompson, R.G.;Thompson, R.G.;;
Brinkmann, E.J.;Brinkmann, E.J.;;
Dharmapala, P.S.;Dharmapala, P.S.;;
Thrall, R.M.;Thrall, R.M.;;
Gamboa, F.;Gamboa, F.;;
Marcano, C.;Marcano, C.;;
Pernia, E.;Pernia, E.;;
Stefanelli, M.;Stefanelli, M.;;
de Perez, T.A.;de Perez, T.A.;;
Bruscianelli, C.;Bruscianelli, C.;;
Bukiet, B.;Bukiet, B.;;
Harold, E.R.;Harold, E.R.;;
Hernandez-Valencia, E.J.;Hernandez-Valencia, E.J.;;
Lacoa, U.;Lacoa, U.;;
Chamberland, S.;Chamberland, S.;;
Sansó, B.;Sansó, B.;;
Arias, J.F.;Arias, J.F.;;
Kasturi, R.;Kasturi, R.;;
Geffner, Hector.;Geffner, Hector.;;
Díaz-Insua, M.;Díaz-Insua, M.;;
Castro, J.S.;Castro, J.S.;;
Markhauser, C.P.;Markhauser, C.P.;;
Gavidia, L.;Gavidia, L.;;
Wright, G.;Wright, G.;;
Hernández, M.I.;Hernández, M.I.;;
Kelly, J.A.;Kelly, J.A.;;
Pinto, E.;Pinto, E.;;
Brizuela, E.;Brizuela, E.;;
Rosales, Orlando Sucre.;Rosales, Orlando Sucre.;;
Hernandez, L.;Hernandez, L.;;
Brazon, V.;Brazon, V.;;
Allocca, B.;Allocca, B.;;
Lopez, I.;Lopez, I.;;
Bevilacqua, G.;Bevilacqua, G.;;
Coatrieux, J.L.;Coatrieux, J.L.;;
Arévalo, C.;Arévalo, C.;;
Führer, C.;Führer, C.;;
Söderlind, G.;Söderlind, G.;;
Herrero, B.;Herrero, B.;;
Luzardo, J.-A.;Luzardo, J.-A.;;
Chassiakos, A.;Chassiakos, A.;;
Rumbos, A.;Rumbos, A.;;
Callaos, Nagib, de Callaos, Belkis.;Callaos, Nagib, de Callaos, Belkis.;;
Esteller, Rosana, Mora, Fernando, Passariello, Gianfranco, Mendoza, Ivan, Marques, Juan.;Esteller, Rosana, Mora, Fernando, Passariello, Gianfranco, Mendoza, Ivan, Marques, Juan.;;
Da Costa, German.;Da Costa, German.;;
Bosnjak, A.;Bosnjak, A.;;
Mata, G.J.;Mata, G.J.;;
Pestana, E.;Pestana, E.;;
Regidor, J.;Regidor, J.;;
Carrasco, M.;Carrasco, M.;;
Millán, A.;Millán, A.;;
Uria, Maite, Dorta, Damaso.;Uria, Maite, Dorta, Damaso.;;
Moncada, Ricardo V.;Moncada, Ricardo V.;;
de Castillo, Maite Uria.;de Castillo, Maite Uria.;;
Margaglio, Elizabeth, Uria, Maite.;Margaglio, Elizabeth, Uria, Maite.;;
Antonio, Ginart D.;Antonio, Ginart D.;;
Rosana, Esteller R.;Rosana, Esteller R.;;
Esteller, Rosana, Mora, Fernando, Bevilacqua, Giulio, Marquez, Juan, Lander, Paul.;Esteller, Rosana, Mora, Fernando, Bevilacqua, Giulio, Marquez, Juan, Lander, Paul.;;
de Callaos, Belkis.;de Callaos, Belkis.;;
Callaos, Nagib.;Callaos, Nagib.;;
Manber, U.;Manber, U.;;
Wu, S.;Wu, S.;;
Ampie, G.;Ampie, G.;;
Gonzalez, Gaston T.;Gonzalez, Gaston T.;;
Delgado, Marisol, Garcia, Janette.;Delgado, Marisol, Garcia, Janette.;;
Montbrun-Di Filippo, Jenny, Delgado, Marisol, Chocron, Isaac, Acuna, Luis.;Montbrun-Di Filippo, Jenny, Delgado, Marisol, Chocron, Isaac, Acuna, Luis.;;
Mora, Fernando, Bosnjak, Antonio, Passariello, Gianfranco, Carneiro, Jose M.;Mora, Fernando, Bosnjak, Antonio, Passariello, Gianfranco, Carneiro, Jose M.;;
Carrault, Guy.;Carrault, Guy.;;
Bellorin, J.;Bellorin, J.;;
Fishbourne, C.;Fishbourne, C.;;
Méndez, M.;Méndez, M.;;
Nava, O.;Nava, O.;;
Martín, P.;Martín, P.;;
Pérez, R.;Pérez, R.;;
Yriarte, V.;Yriarte, V.;;
Pssariello, G.;Pssariello, G.;;
Coatieux, J.L.;Coatieux, J.L.;;
Munro, J.I.;Munro, J.I.;;
Rey, M.;Rey, M.;;
Barrios, V.;Barrios, V.;;
Montilla, G.;Montilla, G.;;
Rodríguez, L.;Rodríguez, L.;;
Gibaud, B.;Gibaud, B.;;
Duvauferrier, R.;Duvauferrier, R.;;
Lucas, C.;Lucas, C.;;
Thoraval, L.;Thoraval, L.;;
Senhadji, L.;Senhadji, L.;;
Bellanger, J.J.;Bellanger, J.J.;;
Di Bartolo, C.;Di Bartolo, C.;;
Leal, L.;Leal, L.;;
De Mercato, G.;De Mercato, G.;;
García Sánchez, F.J.;García Sánchez, F.J.;;
Mora-Ciangherotti, F.A.;Mora-Ciangherotti, F.A.;;
Filippo, J.M.-D.;Filippo, J.M.-D.;;
Brie, C.;Brie, C.;;
Paynter, H.M.;Paynter, H.M.;;
Reinhard, A.;Reinhard, A.;;
Luzardo, M.;Luzardo, M.;;
Rodriguez‐Prada, H.A.;Rodriguez‐Prada, H.A.;;
Pironti, F.F.;Pironti, F.F.;;
Sáez, A.E.;Sáez, A.E.;;
Jimenez, R.;Jimenez, R.;;
Quiroz, A.J.;Quiroz, A.J.;;
Tribillon, G.;Tribillon, G.;;
Martin, P.;Martin, P.;;
Lau, G.;Lau, G.;;
Flajolet, P.;Flajolet, P.;;
Giallorenzo, M.;Giallorenzo, M.;;
Cohen, J.;Cohen, J.;;
Lara, L.O.;Lara, L.O.;;
de Mercato, G.;de Mercato, G.;;
Garcia-Sánchez, F.J.;Garcia-Sánchez, F.J.;;
Aggarwal, S.;Aggarwal, S.;;
BarbarÁ, D.;BarbarÁ, D.;;
Meth, K.Z.;Meth, K.Z.;;
Mendez, N.;Mendez, N.;;
Miliani, P.;Miliani, P.;;
Chang, O.;Chang, O.;;
Barbara, Daniel, Garcia-Molina, Hector, Kogan, Boris.;Barbara, Daniel, Garcia-Molina, Hector, Kogan, Boris.;;
Benito Fernández, R.;Benito Fernández, R.;;
Karl Hedrick, J.;Karl Hedrick, J.;;
Tagliaferri, A.A.;Tagliaferri, A.A.;;
Lopes, C.C.;Lopes, C.C.;;
Nagai, J.M.;Nagai, J.M.;;
Barbara, D.;Barbara, D.;;
Garcia-Molina, H.;Garcia-Molina, H.;;
Reinoza, A.;Reinoza, A.;;
Llopis de Trias, R.;Llopis de Trias, R.;;
Pantsios, C.F.;Pantsios, C.F.;;
Pantsios, F.A.;Pantsios, F.A.;;
Reinoza, Alfonso.;Reinoza, Alfonso.;;
Battani, G.;Battani, G.;;
Guzmán, J.C.;Guzmán, J.C.;;
Márquez, A.;Márquez, A.;;
Peyer, M.J.;Peyer, M.J.;;
Griffin, V.;Griffin, V.;;
Edmonds, J.;Edmonds, J.;;
Yoshimura, T.;Yoshimura, T.;;
Restuccia, A.;Restuccia, A.;;
Chen, P.-Y.;Chen, P.-Y.;;
Lawrie, D.H.;Lawrie, D.H.;;
Yew, P.-C.;Yew, P.-C.;;
Padua, D.A.;Padua, D.A.;;
Suárez, R.E.;Suárez, R.E.;;
Adam, V.;Adam, V.;;
Guerri, G.;Guerri, G.;;
